,last_update_date
000080_KS,20230602
000100_KS,20230602
000120_KS,20230602
000150_KS,20230602
000210_KS,20230602
000240_KS,20230602
000270_KS,20230602
000660_KS,20230602
000670_KS,20230602
000720_KS,20230602
000810_KS,20230602
000880_KS,20230602
000990_KS,20230602
001040_KS,20230602
001120_KS,20230602
001230_KS,20230602
001440_KS,20230602
001450_KS,20230602
001680_KS,20230602
001740_KS,20230602
001800_KS,20230602
002380_KS,20230602
002790_KS,20230602
003090_KS,20230602
003230_KS,20230602
003240_KS,20230602
003410_KS,20230602
003490_KS,20230602
003550_KS,20230602
003670_KS,20230602
003850_KS,20230602
004000_KS,20230602
004020_KS,20230602
004170_KS,20230602
004370_KS,20230602
004490_KS,20230602
004800_KS,20230602
004990_KS,20230602
005250_KS,20230602
005300_KS,20230602
005380_KS,20230602
005490_KS,20230602
005830_KS,20230602
005850_KS,20230602
005930_KS,20230602
005940_KS,20230602
006040_KS,20230602
006260_KS,20230602
006280_KS,20230602
006360_KS,20230602
006400_KS,20230602
006650_KS,20230602
006800_KS,20230602
007070_KS,20230602
007310_KS,20230602
008770_KS,20230602
008930_KS,20230602
009150_KS,20230602
009240_KS,20230602
009420_KS,20230602
009540_KS,20230602
009830_KS,20230602
009900_KS,20230602
010060_KS,20230602
010120_KS,20230602
010130_KS,20230602
010140_KS,20230602
010620_KS,20230602
010780_KS,20230602
010950_KS,20230602
011070_KS,20230602
011170_KS,20230602
011200_KS,20230602
011210_KS,20230602
011780_KS,20230602
011790_KS,20230602
012330_KS,20230602
012450_KS,20230602
012750_KS,20230602
013890_KS,20230602
014680_KS,20230602
014820_KS,20230602
015760_KS,20230602
016360_KS,20230602
016380_KS,20230602
017670_KS,20230602
017800_KS,20230602
018260_KS,20230602
018880_KS,20230602
019170_KS,20230602
020000_KS,20230602
020150_KS,20230602
020560_KS,20230602
021240_KS,20230602
023530_KS,20230602
024110_KS,20230602
026960_KS,20230602
028050_KS,20230602
028260_KS,20230602
028670_KS,20230602
029780_KS,20230602
030000_KS,20230602
030200_KS,20230602
031430_KS,20230602
032350_KS,20230602
032640_KS,20230602
032830_KS,20230602
033780_KS,20230602
034020_KS,20230602
034220_KS,20230602
034730_KS,20230602
035250_KS,20230602
035420_KS,20230602
035720_KS,20230602
036460_KS,20230602
036570_KS,20230602
039130_KS,20230602
039490_KS,20230602
042660_KS,20230602
042670_KS,20230602
047040_KS,20230602
047050_KS,20230602
047810_KS,20230602
051600_KS,20230602
051900_KS,20230602
051910_KS,20230602
052690_KS,20230602
055550_KS,20230602
057050_KS,20230602
064350_KS,20230602
066570_KS,20230602
068270_KS,20230602
069260_KS,20230602
069620_KS,20230602
069960_KS,20230602
071050_KS,20230602
073240_KS,20230602
078930_KS,20230602
079550_KS,20230602
081660_KS,20230602
086280_KS,20230602
086790_KS,20230602
088350_KS,20230602
090430_KS,20230602
093370_KS,20230602
096770_KS,20230602
097950_KS,20230602
103140_KS,20230602
105560_KS,20230602
105630_KS,20230602
111770_KS,20230602
112610_KS,20230602
114090_KS,20230602
120110_KS,20230602
128940_KS,20230602
137310_KS,20230602
138040_KS,20230602
138930_KS,20230602
139130_KS,20230602
139480_KS,20230602
161390_KS,20230602
161890_KS,20230602
175330_KS,20230602
178920_KS,20230602
180640_KS,20230602
185750_KS,20230602
192080_KS,20230602
192820_KS,20230602
204320_KS,20230602
207940_KS,20230602
241560_KS,20230602
241590_KS,20230602
251270_KS,20230602
259960_KS,20230602
267250_KS,20230602
271560_KS,20230602
271940_KS,20230602
272210_KS,20230602
280360_KS,20230602
282330_KS,20230602
284740_KS,20230602
285130_KS,20230602
294870_KS,20230602
298020_KS,20230602
298050_KS,20230602
300720_KS,20230602
302440_KS,20230602
316140_KS,20230602
323410_KS,20230602
326030_KS,20230602
329180_KS,20230602
336260_KS,20230602
352820_KS,20230602
361610_KS,20230602
373220_KS,20230602
375500_KS,20230602
377300_KS,20230602
381970_KS,20230602
383220_KS,20230602
402340_KS,20230602
A_UN,20230601
AA_UN,20230601
AAL_UW,20230601
AAP_UN,20230601
AAPL_UW,20230601
ABBV_UN,20230601
ABC_UN,20230601
ABNB_UW,20230601
ABT_UN,20230601
ACGL_UW,20230601
ACHC_UW,20230601
ACI_UN,20230601
ACM_UN,20230601
ACN_UN,20230601
ADBE_UW,20230601
ADI_UW,20230601
ADM_UN,20230601
ADP_UW,20230601
ADSK_UW,20230601
ADT_UN,20230601
AEE_UN,20230601
AEP_UW,20230601
AES_UN,20230601
AFG_UN,20230601
AFL_UN,20230601
AFRM_UW,20230601
AGCO_UN,20230601
AGL_UN,20230601
AGNC_UW,20230601
AGO_UN,20230601
AGR_UN,20230601
AIG_UN,20230601
AIRC_UN,20230601
AIZ_UN,20230601
AJG_UN,20230601
AKAM_UW,20230601
AL_UN,20230601
ALB_UN,20230601
ALGM_UW,20230601
ALGN_UW,20230601
ALK_UN,20230601
ALL_UN,20230601
ALLE_UN,20230601
ALLY_UN,20230601
ALNY_UW,20230601
ALSN_UN,20230601
AM_UN,20230601
AMAT_UW,20230601
AMBP_UN,20230601
AMC_UN,20230601
AMCR_UN,20230601
AMD_UW,20230601
AME_UN,20230601
AMED_UW,20230601
AMG_UN,20230601
AMGN_UW,20230601
AMH_UN,20230601
AMP_UN,20230601
AMT_UN,20230601
AMZN_UW,20230601
AN_UN,20230601
ANET_UN,20230601
ANSS_UW,20230601
AON_UN,20230601
AOS_UN,20230601
APA_UW,20230601
APD_UN,20230601
APH_UN,20230601
APO_UN,20230601
APP_UW,20230601
APTV_UN,20230601
AR_UN,20230601
ARE_UN,20230601
ARES_UN,20230601
ARMK_UN,20230601
ARW_UN,20230601
ASH_UN,20230601
ATO_UN,20230601
ATR_UN,20230601
ATUS_UN,20230601
ATVI_UW,20230601
AVB_UN,20230601
AVGO_UW,20230601
AVT_UW,20230601
AVTR_UN,20230601
AVY_UN,20230601
AWI_UN,20230601
AWK_UN,20230601
AXON_UW,20230601
AXP_UN,20230601
AXS_UN,20230601
AXTA_UN,20230601
AYI_UN,20230601
AYX_UN,20230601
AZEK_UN,20230601
AZO_UN,20230601
AZPN_UW,20230601
AZTA_UW,20230601
BA_UN,20230601
BAC_UN,20230601
BAH_UN,20230601
BALL_UN,20230601
BAX_UN,20230601
BBWI_UN,20230601
BBY_UN,20230601
BC_UN,20230601
BDX_UN,20230601
BEN_UN,20230601
BEPC_UN,20230601
BERY_UN,20230601
BF_A_UN,20230601
BF_B_UN,20230601
BFAM_UN,20230601
BG_UN,20230601
BHF_UW,20230601
BIIB_UW,20230601
BILL_UN,20230601
BIO_UN,20230601
BJ_UN,20230601
BK_UN,20230601
BKI_UN,20230601
BKNG_UW,20230601
BKR_UW,20230601
BLD_UN,20230601
BLDR_UN,20230601
BLK_UN,20230601
BMRN_UW,20230601
BMY_UN,20230601
BOH_UN,20230601
BOKF_UW,20230601
BPOP_UW,20230601
BR_UN,20230601
BRK_B_UN,20230601
BRKR_UW,20230601
BRO_UN,20230601
BRX_UN,20230601
BSX_UN,20230601
BSY_UW,20230601
BURL_UN,20230601
BWA_UN,20230601
BWXT_UN,20230601
BX_UN,20230601
BXP_UN,20230601
BYD_UN,20230601
C_UN,20230601
CABO_UN,20230601
CACC_UW,20230601
CACI_UN,20230601
CAG_UN,20230601
CAH_UN,20230601
CAR_UW,20230601
CARR_UN,20230601
CASY_UW,20230601
CAT_UN,20230601
CB_UN,20230601
CBOE_UF,20230601
CBRE_UN,20230601
CBSH_UW,20230601
CC_UN,20230601
CCCS_UW,20230601
CCI_UN,20230601
CCK_UN,20230601
CCL_UN,20230601
CDAY_UN,20230601
CDNS_UW,20230601
CDW_UW,20230601
CE_UN,20230601
CEG_UW,20230601
CERT_UW,20230601
CF_UN,20230601
CFG_UN,20230601
CFLT_UW,20230601
CFR_UN,20230601
CG_UW,20230601
CGNX_UW,20230601
CHD_UN,20230601
CHDN_UW,20230601
CHE_UN,20230601
CHH_UN,20230601
CHK_UW,20230601
CHPT_UN,20230601
CHRW_UW,20230601
CHTR_UW,20230601
CI_UN,20230601
CIEN_UN,20230601
CINF_UW,20230601
CL_UN,20230601
CLF_UN,20230601
CLH_UN,20230601
CLVT_UN,20230601
CLX_UN,20230601
CMA_UN,20230601
CMCSA_UW,20230601
CME_UW,20230601
CMG_UN,20230601
CMI_UN,20230601
CMS_UN,20230601
CNA_UN,20230601
CNC_UN,20230601
CNM_UN,20230601
CNP_UN,20230601
CNXC_UW,20230601
COF_UN,20230601
COHR_UN,20230601
COIN_UW,20230601
COLB_UW,20230601
COLD_UN,20230601
COLM_UW,20230601
COO_UN,20230601
COP_UN,20230601
COST_UW,20230601
COTY_UN,20230601
CPA_UN,20230601
CPB_UN,20230601
CPRI_UN,20230601
CPRT_UW,20230601
CPT_UN,20230601
CR_UN,20230601
CRBG_UN,20230601
CRI_UN,20230601
CRL_UN,20230601
CRM_UN,20230601
CRUS_UW,20230601
CRWD_UW,20230601
CSCO_UW,20230601
CSGP_UW,20230601
CSL_UN,20230601
CSX_UW,20230601
CTAS_UW,20230601
CTLT_UN,20230601
CTRA_UN,20230601
CTSH_UW,20230601
CTVA_UN,20230601
CUBE_UN,20230601
CUZ_UN,20230601
CVNA_UN,20230601
CVS_UN,20230601
CVX_UN,20230601
CW_UN,20230601
CXT_UN,20230601
CZR_UW,20230601
D_UN,20230601
DAL_UN,20230601
DAR_UN,20230601
DASH_UN,20230601
DBX_UW,20230601
DCI_UN,20230601
DD_UN,20230601
DDOG_UW,20230601
DE_UN,20230601
DECK_UN,20230601
DEI_UN,20230601
DELL_UN,20230601
DFS_UN,20230601
DG_UN,20230601
DGX_UN,20230601
DH_UW,20230601
DHI_UN,20230601
DHR_UN,20230601
DINO_UN,20230601
DIS_UN,20230601
DISH_UW,20230601
DKNG_UW,20230601
DKS_UN,20230601
DLB_UN,20230601
DLR_UN,20230601
DLTR_UW,20230601
DNA_UN,20230601
DNB_UN,20230601
DOCS_UN,20230601
DOCU_UW,20230601
DOV_UN,20230601
DOW_UN,20230601
DOX_UW,20230601
DPZ_UN,20230601
DRI_UN,20230601
DRVN_UW,20230601
DT_UN,20230601
DTE_UN,20230601
DTM_UN,20230601
DUK_UN,20230601
DV_UN,20230601
DVA_UN,20230601
DVN_UN,20230601
DXC_UN,20230601
DXCM_UW,20230601
EA_UW,20230601
EBAY_UW,20230601
ECL_UN,20230601
ED_UN,20230601
EEFT_UW,20230601
EFX_UN,20230601
EGP_UN,20230601
EHAB_UN,20230601
EHC_UN,20230601
EIX_UN,20230601
EL_UN,20230601
ELAN_UN,20230601
ELS_UN,20230601
ELV_UN,20230601
EMN_UN,20230601
EMR_UN,20230601
ENOV_UN,20230601
ENPH_UQ,20230601
ENTG_UW,20230601
EOG_UN,20230601
EPAM_UN,20230601
EPR_UN,20230601
EQH_UN,20230601
EQIX_UW,20230601
EQR_UN,20230601
EQT_UN,20230601
ERIE_UW,20230601
ES_UN,20230601
ESAB_UN,20230601
ESI_UN,20230601
ESS_UN,20230601
ESTC_UN,20230601
ETN_UN,20230601
ETR_UN,20230601
ETSY_UW,20230601
EVA_UN,20230601
EVR_UN,20230601
EVRG_UW,20230601
EW_UN,20230601
EWBC_UW,20230601
EXAS_UR,20230601
EXC_UW,20230601
EXEL_UW,20230601
EXP_UN,20230601
EXPD_UW,20230601
EXPE_UW,20230601
EXR_UN,20230601
F_UN,20230601
FAF_UN,20230601
FANG_UW,20230601
FAST_UW,20230601
FBIN_UN,20230601
FCN_UN,20230601
FCNCA_UW,20230601
FCX_UN,20230601
FDS_UN,20230601
FDX_UN,20230601
FE_UN,20230601
FFIV_UW,20230601
FG_UN,20230601
FHB_UW,20230601
FHN_UN,20230601
FICO_UN,20230601
FIS_UN,20230601
FISV_UW,20230601
FITB_UW,20230601
FIVE_UW,20230601
FIVN_UQ,20230601
FLO_UN,20230601
FLS_UN,20230601
FLT_UN,20230601
FMC_UN,20230601
FNB_UN,20230601
FND_UN,20230601
FNF_UN,20230601
FOUR_UN,20230601
FOX_UW,20230601
FOXA_UW,20230601
FR_UN,20230601
FRPT_UQ,20230601
FRT_UN,20230601
FSLR_UW,20230601
FTNT_UW,20230601
FTV_UN,20230601
FWONA_UW,20230601
FWONK_UW,20230601
FYBR_UW,20230601
G_UN,20230601
GD_UN,20230601
GDDY_UN,20230601
GE_UN,20230601
GEHC_UW,20230601
GEN_UW,20230601
GFS_UW,20230601
GGG_UN,20230601
GH_UW,20230601
GILD_UW,20230601
GIS_UN,20230601
GL_UN,20230601
GLOB_UN,20230601
GLPI_UW,20230601
GLW_UN,20230601
GM_UN,20230601
GME_UN,20230601
GMED_UN,20230601
GNRC_UN,20230601
GNTX_UW,20230601
GO_UW,20230601
GOOG_UW,20230601
GOOGL_UW,20230601
GPC_UN,20230601
GPK_UN,20230601
GPN_UN,20230601
GPS_UN,20230601
GRMN_UN,20230601
GS_UN,20230601
GTES_UN,20230601
GWRE_UN,20230601
GWW_UN,20230601
GXO_UN,20230601
H_UN,20230601
HAL_UN,20230601
HAS_UW,20230601
HAYW_UN,20230601
HBAN_UW,20230601
HBI_UN,20230601
HCA_UN,20230601
HD_UN,20230601
HE_UN,20230601
HEI_UN,20230601
HEI_A_UN,20230601
HES_UN,20230601
HHC_UN,20230601
HIG_UN,20230601
HII_UN,20230601
HIW_UN,20230601
HLT_UN,20230601
HOG_UN,20230601
HOLX_UW,20230601
HON_UW,20230601
HOOD_UW,20230601
HPE_UN,20230601
HPP_UN,20230601
HPQ_UN,20230601
HR_UN,20230601
HRB_UN,20230601
HRL_UN,20230601
HSIC_UW,20230601
HST_UW,20230601
HSY_UN,20230601
HTZ_UW,20230601
HUBB_UN,20230601
HUBS_UN,20230601
HUM_UN,20230601
HUN_UN,20230601
HWM_UN,20230601
HXL_UN,20230601
HZNP_UW,20230601
IAC_UW,20230601
IART_UW,20230601
IBKR_UW,20230601
IBM_UN,20230601
ICE_UN,20230601
ICUI_UW,20230601
IDA_UN,20230601
IDXX_UW,20230601
IEX_UN,20230601
IFF_UN,20230601
ILMN_UW,20230601
INCY_UW,20230601
INFA_UN,20230601
INGR_UN,20230601
INTC_UW,20230601
INTU_UW,20230601
INVH_UN,20230601
IONS_UW,20230601
IP_UN,20230601
IPG_UN,20230601
IPGP_UW,20230601
IQV_UN,20230601
IR_UN,20230601
IRM_UN,20230601
ISRG_UW,20230601
IT_UN,20230601
ITT_UN,20230601
ITW_UN,20230601
IVZ_UN,20230601
J_UN,20230601
JAMF_UW,20230601
JAZZ_UW,20230601
JBGS_UN,20230601
JBHT_UW,20230601
JBL_UN,20230601
JBLU_UW,20230601
JCI_UN,20230601
JEF_UN,20230601
JHG_UN,20230601
JKHY_UW,20230601
JLL_UN,20230601
JNJ_UN,20230601
JNPR_UN,20230601
JPM_UN,20230601
JWN_UN,20230601
K_UN,20230601
KBR_UN,20230601
KD_UN,20230601
KDP_UW,20230601
KEX_UN,20230601
KEY_UN,20230601
KEYS_UN,20230601
KHC_UW,20230601
KIM_UN,20230601
KKR_UN,20230601
KLAC_UW,20230601
KMB_UN,20230601
KMI_UN,20230601
KMPR_UN,20230601
KMX_UN,20230601
KNF_UN,20230601
KNX_UN,20230601
KO_UN,20230601
KR_UN,20230601
KRC_UN,20230601
KSS_UN,20230601
L_UN,20230601
LAD_UN,20230601
LAMR_UW,20230601
LAZ_UN,20230601
LBRDA_UW,20230601
LBRDK_UW,20230601
LCID_UW,20230601
LDOS_UN,20230601
LEA_UN,20230601
LECO_UW,20230601
LEG_UN,20230601
LEN_UN,20230601
LEN_B_UN,20230601
LESL_UW,20230601
LFUS_UW,20230601
LH_UN,20230601
LHX_UN,20230601
LII_UN,20230601
LIN_UN,20230601
LITE_UW,20230601
LKQ_UW,20230601
LLY_UN,20230601
LMT_UN,20230601
LNC_UN,20230601
LNG_UA,20230601
LNT_UW,20230601
LOPE_UW,20230601
LOW_UN,20230601
LPLA_UW,20230601
LPX_UN,20230601
LRCX_UW,20230601
LSCC_UW,20230601
LSI_UN,20230601
LSTR_UW,20230601
LSXMA_UW,20230601
LSXMK_UW,20230601
LULU_UW,20230601
LUMN_UN,20230601
LUV_UN,20230601
LVS_UN,20230601
LW_UN,20230601
LYB_UN,20230601
LYFT_UW,20230601
LYV_UN,20230601
M_UN,20230601
MA_UN,20230601
MAA_UN,20230601
MAN_UN,20230601
MANH_UW,20230601
MAR_UW,20230601
MAS_UN,20230601
MASI_UW,20230601
MAT_UW,20230601
MBC_UN,20230601
MCD_UN,20230601
MCHP_UW,20230601
MCK_UN,20230601
MCO_UN,20230601
MCW_UN,20230601
MDB_UQ,20230601
MDLZ_UW,20230601
MDT_UN,20230601
MDU_UN,20230601
MET_UN,20230601
META_UW,20230601
MGM_UN,20230601
MHK_UN,20230601
MIDD_UW,20230601
MKC_UN,20230601
MKL_UN,20230601
MKSI_UW,20230601
MKTX_UW,20230601
MLM_UN,20230601
MMC_UN,20230601
MMM_UN,20230601
MNST_UW,20230601
MO_UN,20230601
MOH_UN,20230601
MORN_UW,20230601
MOS_UN,20230601
MP_UN,20230601
MPC_UN,20230601
MPW_UN,20230601
MPWR_UW,20230601
MRCY_UW,20230601
MRK_UN,20230601
MRNA_UW,20230601
MRO_UN,20230601
MRTX_UW,20230601
MRVI_UW,20230601
MRVL_UW,20230601
MS_UN,20230601
MSA_UN,20230601
MSCI_UN,20230601
MSFT_UW,20230601
MSGS_UN,20230601
MSI_UN,20230601
MSM_UN,20230601
MTB_UN,20230601
MTCH_UW,20230601
MTD_UN,20230601
MTG_UN,20230601
MTN_UN,20230601
MTZ_UN,20230601
MU_UW,20230601
NATI_UW,20230601
NBIX_UW,20230601
NCLH_UN,20230601
NCNO_UW,20230601
NCR_UN,20230601
NDAQ_UW,20230601
NDSN_UW,20230601
NEE_UN,20230601
NEM_UN,20230601
NET_UN,20230601
NEU_UN,20230601
NEWR_UN,20230601
NFE_UW,20230601
NFG_UN,20230601
NFLX_UW,20230601
NI_UN,20230601
NKE_UN,20230601
NLY_UN,20230601
NNN_UN,20230601
NOC_UN,20230601
NOV_UN,20230601
NOW_UN,20230601
NRG_UN,20230601
NSA_UN,20230601
NSC_UN,20230601
NTAP_UW,20230601
NTNX_UW,20230601
NTRA_UW,20230601
NTRS_UW,20230601
NUE_UN,20230601
NVAX_UW,20230601
NVCR_UW,20230601
NVDA_UW,20230601
NVR_UN,20230601
NVST_UN,20230601
NVT_UN,20230601
NWL_UW,20230601
NWS_UW,20230601
NWSA_UW,20230601
NXST_UW,20230601
NYCB_UN,20230601
NYT_UN,20230601
O_UN,20230601
OC_UN,20230601
ODFL_UW,20230601
OGE_UN,20230601
OGN_UN,20230601
OHI_UN,20230601
OKE_UN,20230601
OKTA_UW,20230601
OLED_UW,20230601
OLLI_UQ,20230601
OLN_UN,20230601
OLPX_UW,20230601
OMC_UN,20230601
OMF_UN,20230601
ON_UW,20230601
OPEN_UW,20230601
ORCL_UN,20230601
ORI_UN,20230601
ORLY_UW,20230601
OSK_UN,20230601
OTIS_UN,20230601
OVV_UN,20230601
OWL_UN,20230601
OXY_UN,20230601
OZK_UW,20230601
PACW_UW,20230601
PAG_UN,20230601
PANW_UW,20230601
PARA_UW,20230601
PARAA_UW,20230601
PATH_UN,20230601
PAYC_UN,20230601
PAYX_UW,20230601
PB_UN,20230601
PCAR_UW,20230601
PCG_UN,20230601
PCOR_UN,20230601
PCTY_UW,20230601
PDCE_UW,20230601
PEAK_UN,20230601
PEG_UN,20230601
PEGA_UW,20230601
PEN_UN,20230601
PENN_UW,20230601
PEP_UW,20230601
PFE_UN,20230601
PFG_UW,20230601
PFGC_UN,20230601
PG_UN,20230601
PGR_UN,20230601
PH_UN,20230601
PHM_UN,20230601
PII_UN,20230601
PINC_UW,20230601
PINS_UN,20230601
PK_UN,20230601
PKG_UN,20230601
PLD_UN,20230601
PLNT_UN,20230601
PLTK_UW,20230601
PLTR_UN,20230601
PLUG_UR,20230601
PM_UN,20230601
PNC_UN,20230601
PNFP_UW,20230601
PNR_UN,20230601
PNW_UN,20230601
PODD_UW,20230601
POOL_UW,20230601
POST_UN,20230601
PPC_UW,20230601
PPG_UN,20230601
PPL_UN,20230601
PRGO_UN,20230601
PRI_UN,20230601
PRU_UN,20230601
PSA_UN,20230601
PSTG_UN,20230601
PSX_UN,20230601
PTC_UW,20230601
PTON_UW,20230601
PVH_UN,20230601
PWR_UN,20230601
PXD_UN,20230601
PYCR_UW,20230601
PYPL_UW,20230601
QCOM_UW,20230601
QDEL_UW,20230601
QGEN_UN,20230601
QRVO_UW,20230601
QS_UN,20230601
R_UN,20230601
RARE_UW,20230601
RBA_UN,20230601
RBLX_UN,20230601
RCL_UN,20230601
RE_UN,20230601
REG_UW,20230601
REGN_UW,20230601
REXR_UN,20230601
REYN_UW,20230601
RF_UN,20230601
RGA_UN,20230601
RGEN_UW,20230601
RGLD_UW,20230601
RH_UN,20230601
RHI_UN,20230601
RITM_UN,20230601
RIVN_UW,20230601
RJF_UN,20230601
RKT_UN,20230601
RL_UN,20230601
RMD_UN,20230601
RNG_UN,20230601
RNR_UN,20230601
ROK_UN,20230601
ROKU_UW,20230601
ROL_UN,20230601
ROP_UN,20230601
ROST_UW,20230601
RPM_UN,20230601
RPRX_UW,20230601
RRC_UN,20230601
RRX_UN,20230601
RS_UN,20230601
RSG_UN,20230601
RTX_UN,20230601
RUN_UW,20230601
RVTY_UN,20230601
RXO_UN,20230601
RYAN_UN,20230601
RYN_UN,20230601
S_UN,20230601
SAIC_UN,20230601
SAM_UN,20230601
SBAC_UW,20230601
SBUX_UW,20230601
SCCO_UN,20230601
SCHW_UN,20230601
SCI_UN,20230601
SEB_UA,20230601
SEE_UN,20230601
SEIC_UW,20230601
SF_UN,20230601
SGEN_UW,20230601
SHC_UW,20230601
SHW_UN,20230601
SIRI_UW,20230601
SITE_UN,20230601
SIX_UN,20230601
SJM_UN,20230601
SKX_UN,20230601
SLB_UN,20230601
SLG_UN,20230601
SLGN_UN,20230601
SLM_UW,20230601
SMAR_UN,20230601
SMG_UN,20230601
SNA_UN,20230601
SNDR_UN,20230601
SNOW_UN,20230601
SNPS_UW,20230601
SNV_UN,20230601
SNX_UN,20230601
SO_UN,20230601
SOFI_UW,20230601
SON_UN,20230601
SPB_UN,20230601
SPG_UN,20230601
SPGI_UN,20230601
SPLK_UW,20230601
SPOT_UN,20230601
SPR_UN,20230601
SQ_UN,20230601
SRC_UN,20230601
SRCL_UW,20230601
SRE_UN,20230601
SRPT_UW,20230601
SSNC_UW,20230601
SSRM_UW,20230601
ST_UN,20230601
STE_UN,20230601
STLD_UW,20230601
STT_UN,20230601
STWD_UN,20230601
STZ_UN,20230601
SUI_UN,20230601
SWK_UN,20230601
SWKS_UW,20230601
SWN_UN,20230601
SYF_UN,20230601
SYK_UN,20230601
SYNH_UW,20230601
SYY_UN,20230601
T_UN,20230601
TAP_UN,20230601
TDC_UN,20230601
TDG_UN,20230601
TDOC_UN,20230601
TDY_UN,20230601
TEAM_UW,20230601
TECH_UW,20230601
TER_UW,20230601
TFC_UN,20230601
TFSL_UW,20230601
TFX_UN,20230601
TGT_UN,20230601
THC_UN,20230601
THG_UN,20230601
THO_UN,20230601
TJX_UN,20230601
TKR_UN,20230601
TMO_UN,20230601
TMUS_UW,20230601
TNDM_UQ,20230601
TNL_UN,20230601
TOL_UN,20230601
TOST_UN,20230601
TPL_UN,20230601
TPR_UN,20230601
TPX_UN,20230601
TREX_UN,20230601
TRGP_UN,20230601
TRIP_UW,20230601
TRMB_UW,20230601
TROW_UW,20230601
TRU_UN,20230601
TRV_UN,20230601
TSCO_UW,20230601
TSLA_UW,20230601
TSN_UN,20230601
TT_UN,20230601
TTC_UN,20230601
TTD_UQ,20230601
TTEK_UW,20230601
TTWO_UW,20230601
TW_UW,20230601
TWKS_UW,20230601
TWLO_UN,20230601
TXG_UW,20230601
TXN_UW,20230601
TXT_UN,20230601
TYL_UN,20230601
U_UN,20230601
UA_UN,20230601
UAA_UN,20230601
UAL_UW,20230601
UBER_UN,20230601
UDR_UN,20230601
UGI_UN,20230601
UHAL_UN,20230601
UHAL_B_UN,20230601
UHS_UN,20230601
UI_UN,20230601
ULTA_UW,20230601
UNH_UN,20230601
UNM_UN,20230601
UNP_UN,20230601
UNVR_UN,20230601
UPS_UN,20230601
UPST_UW,20230601
URI_UN,20230601
USB_UN,20230601
USFD_UN,20230601
UTHR_UW,20230601
UWMC_UN,20230601
V_UN,20230601
VAC_UN,20230601
VEEV_UN,20230601
VFC_UN,20230601
VICI_UN,20230601
VIRT_UW,20230601
VLO_UN,20230601
VMC_UN,20230601
VMI_UN,20230601
VMW_UN,20230601
VNO_UN,20230601
VNT_UN,20230601
VOYA_UN,20230601
VRSK_UW,20230601
VRSN_UW,20230601
VRT_UN,20230601
VRTX_UW,20230601
VSAT_UW,20230601
VSCO_UN,20230601
VST_UN,20230601
VTR_UN,20230601
VTRS_UW,20230601
VTS_UN,20230601
VVV_UN,20230601
VZ_UN,20230601
W_UN,20230601
WAB_UN,20230601
WAL_UN,20230601
WAT_UN,20230601
WBA_UW,20230601
WBD_UW,20230601
WBS_UN,20230601
WCC_UN,20230601
WDAY_UW,20230601
WDC_UW,20230601
WE_UN,20230601
WEC_UN,20230601
WELL_UN,20230601
WEN_UW,20230601
WEX_UN,20230601
WFC_UN,20230601
WH_UN,20230601
WHR_UN,20230601
WIX_UW,20230601
WLK_UN,20230601
WM_UN,20230601
WMB_UN,20230601
WMS_UN,20230601
WMT_UN,20230601
WOLF_UN,20230601
WOOF_UW,20230601
WPC_UN,20230601
WRB_UN,20230601
WRK_UN,20230601
WSC_UR,20230601
WSM_UN,20230601
WSO_UN,20230601
WST_UN,20230601
WTFC_UW,20230601
WTM_UN,20230601
WTRG_UN,20230601
WTW_UW,20230601
WU_UN,20230601
WWD_UW,20230601
WWE_UN,20230601
WY_UN,20230601
WYNN_UW,20230601
X_UN,20230601
XEL_UW,20230601
XOM_UN,20230601
XPO_UN,20230601
XRAY_UW,20230601
XYL_UN,20230601
YETI_UN,20230601
YUM_UN,20230601
Z_UW,20230601
ZBH_UN,20230601
ZBRA_UW,20230601
ZG_UW,20230601
ZI_UW,20230601
ZION_UW,20230601
ZM_UW,20230601
ZS_UW,20230601
ZTS_UN,20230601
AADI_UR,20230601
AAN_UN,20230601
AAON_UW,20230601
AAT_UN,20230601
ABCB_UW,20230601
ABCL_UW,20230601
ABG_UN,20230601
ABM_UN,20230601
ABR_UN,20230601
ABSI_UW,20230601
ABUS_UW,20230601
AC_UN,20230601
ACA_UN,20230601
ACAD_UW,20230601
ACCD_UW,20230601
ACCO_UN,20230601
ACDC_UW,20230601
ACEL_UN,20230601
ACET_UQ,20230601
ACHR_UN,20230601
ACIW_UW,20230601
ACLS_UW,20230601
ACLX_UW,20230601
ACMR_UQ,20230601
ACNB_UR,20230601
ACRE_UN,20230601
ACRS_UW,20230601
ACRV_UQ,20230601
ACT_UW,20230601
ACVA_UW,20230601
ADC_UN,20230601
ADEA_UW,20230601
ADMA_UQ,20230601
ADNT_UN,20230601
ADPT_UW,20230601
ADTH_UR,20230601
ADTN_UW,20230601
ADUS_UW,20230601
ADV_UW,20230601
AEIS_UW,20230601
AEL_UN,20230601
AEO_UN,20230601
AEVA_UN,20230601
AFCG_UQ,20230601
AFMD_UQ,20230601
AGEN_UR,20230601
AGIO_UW,20230601
AGM_UN,20230601
AGTI_UN,20230601
AGX_UN,20230601
AGYS_UW,20230601
AHCO_UR,20230601
AHH_UN,20230601
AHT_UN,20230601
AI_UN,20230601
AIN_UN,20230601
AIP_UQ,20230601
AIR_UN,20230601
AIRS_UQ,20230601
AIT_UN,20230601
AIV_UN,20230601
AJRD_UN,20230601
AKA_UN,20230601
AKR_UN,20230601
AKRO_UW,20230601
AKTS_UR,20230601
AKYA_UW,20230601
ALCO_UW,20230601
ALE_UN,20230601
ALEC_UW,20230601
ALEX_UN,20230601
ALG_UN,20230601
ALGT_UW,20230601
ALHC_UW,20230601
ALIT_UN,20230601
ALKS_UW,20230601
ALKT_UW,20230601
ALLO_UW,20230601
ALPN_UQ,20230601
ALRM_UW,20230601
ALRS_UR,20230601
ALTG_UN,20230601
ALTO_UR,20230601
ALTR_UW,20230601
ALVR_UW,20230601
ALX_UN,20230601
ALXO_UW,20230601
AMAL_UQ,20230601
AMBA_UW,20230601
AMBC_UN,20230601
AMCX_UW,20230601
AMEH_UR,20230601
AMK_UN,20230601
AMKR_UW,20230601
AMLX_UW,20230601
AMN_UN,20230601
AMNB_UW,20230601
AMOT_UQ,20230601
AMPH_UW,20230601
AMPL_UR,20230601
AMPS_UN,20230601
AMPY_UN,20230601
AMR_UN,20230601
AMRC_UN,20230601
AMRK_UW,20230601
AMRS_UW,20230601
AMRX_UN,20230601
AMSF_UW,20230601
AMSWA_UW,20230601
AMTB_UW,20230601
AMTX_UQ,20230601
AMWD_UW,20230601
AMWL_UN,20230601
ANAB_UW,20230601
ANDE_UW,20230601
ANF_UN,20230601
ANGO_UW,20230601
ANIK_UW,20230601
ANIP_UQ,20230601
ANTX_UW,20230601
AOMR_UN,20230601
AORT_UN,20230601
AOSL_UW,20230601
APAM_UN,20230601
APEI_UW,20230601
APG_UN,20230601
APLD_UW,20230601
APLE_UN,20230601
APLS_UW,20230601
APOG_UW,20230601
APPF_UQ,20230601
APPH_UW,20230601
APPN_UQ,20230601
APPS_UR,20230601
ARCB_UW,20230601
ARCH_UN,20230601
ARCT_UQ,20230601
AREN_UA,20230601
ARGO_UN,20230601
ARI_UN,20230601
ARIS_UN,20230601
ARKO_UR,20230601
ARL_UN,20230601
ARLO_UN,20230601
ARNC_UN,20230601
AROC_UN,20230601
AROW_UW,20230601
ARQT_UW,20230601
ARR_UN,20230601
ARRY_UQ,20230601
ARTNA_UW,20230601
ARVN_UW,20230601
ARWR_UW,20230601
ASAN_UN,20230601
ASB_UN,20230601
ASC_UN,20230601
ASGN_UN,20230601
ASIX_UN,20230601
ASLE_UR,20230601
ASO_UW,20230601
ASPN_UN,20230601
ASTE_UW,20230601
ASTR_UR,20230601
ATEC_UW,20230601
ATEN_UN,20230601
ATER_UR,20230601
ATEX_UR,20230601
ATGE_UN,20230601
ATHA_UW,20230601
ATI_UN,20230601
ATIP_UN,20230601
ATKR_UN,20230601
ATLC_UW,20230601
ATNI_UW,20230601
ATOM_UR,20230601
ATRA_UW,20230601
ATRC_UQ,20230601
ATRI_UW,20230601
ATRO_UW,20230601
ATSG_UW,20230601
AUB_UN,20230601
AUPH_UQ,20230601
AURA_UQ,20230601
AVA_UN,20230601
AVAH_UW,20230601
AVAV_UW,20230601
AVD_UN,20230601
AVDX_UW,20230601
AVID_UW,20230601
AVIR_UW,20230601
AVNS_UN,20230601
AVNT_UN,20230601
AVNW_UW,20230601
AVO_UW,20230601
AVPT_UW,20230601
AVTA_UW,20230601
AVTE_UQ,20230601
AVXL_UW,20230601
AWR_UN,20230601
AX_UN,20230601
AXGN_UR,20230601
AXL_UN,20230601
AXNX_UW,20230601
AXSM_UQ,20230601
AXTI_UW,20230601
AZZ_UN,20230601
B_UN,20230601
BALY_UN,20230601
BANC_UN,20230601
BAND_UW,20230601
BANF_UW,20230601
BANR_UW,20230601
BARK_UN,20230601
BASE_UW,20230601
BATL_UA,20230601
BATRA_UW,20230601
BATRK_UW,20230601
BBCP_UR,20230601
BBIG_UR,20230601
BBIO_UW,20230601
BBLN_UN,20230601
BBSI_UW,20230601
BBUC_UN,20230601
BBW_UN,20230601
BCBP_UQ,20230601
BCC_UN,20230601
BCML_UW,20230601
BCO_UN,20230601
BCOV_UW,20230601
BCPC_UW,20230601
BCRX_UW,20230601
BDC_UN,20230601
BDN_UN,20230601
BE_UN,20230601
BEAM_UW,20230601
BECN_UW,20230601
BFC_UR,20230601
BFH_UN,20230601
BFLY_UN,20230601
BFS_UN,20230601
BFST_UW,20230601
BGCP_UW,20230601
BGFV_UW,20230601
BGRY_UW,20230601
BGS_UN,20230601
BH_UN,20230601
BHB_UA,20230601
BHE_UN,20230601
BHG_UN,20230601
BHIL_UN,20230601
BHLB_UN,20230601
BHM_UA,20230601
BHR_UN,20230601
BHVN_UN,20230601
BIG_UN,20230601
BIGC_UQ,20230601
BIPC_UN,20230601
BIRD_UW,20230601
BJRI_UW,20230601
BKD_UN,20230601
BKE_UN,20230601
BKH_UN,20230601
BKKT_UN,20230601
BKU_UN,20230601
BL_UW,20230601
BLBD_UQ,20230601
BLDE_UR,20230601
BLFS_UR,20230601
BLFY_UW,20230601
BLKB_UW,20230601
BLMN_UW,20230601
BLND_UN,20230601
BLNK_UR,20230601
BLUE_UW,20230601
BLX_UN,20230601
BMBL_UW,20230601
BMI_UN,20230601
BMRC_UR,20230601
BNGO_UR,20230601
BNL_UN,20230601
BOC_UN,20230601
BODY_UN,20230601
BOOM_UW,20230601
BOOT_UN,20230601
BORR_UN,20230601
BOWL_UN,20230601
BOX_UN,20230601
BPMC_UW,20230601
BRBR_UN,20230601
BRBS_UA,20230601
BRC_UN,20230601
BRCC_UN,20230601
BRDS_UN,20230601
BRKL_UW,20230601
BRP_UW,20230601
BRSP_UN,20230601
BRT_UN,20230601
BRY_UW,20230601
BSIG_UN,20230601
BSRR_UW,20230601
BTAI_UR,20230601
BTU_UN,20230601
BUSE_UW,20230601
BV_UN,20230601
BVH_UN,20230601
BVS_UW,20230601
BW_UN,20230601
BWB_UR,20230601
BWFG_UQ,20230601
BXC_UN,20230601
BXMT_UN,20230601
BY_UN,20230601
BYND_UW,20230601
BZH_UN,20230601
CAC_UW,20230601
CADE_UN,20230601
CAKE_UW,20230601
CAL_UN,20230601
CALM_UW,20230601
CALX_UN,20230601
CANO_UN,20230601
CARA_UQ,20230601
CARE_UW,20230601
CARG_UW,20230601
CARS_UN,20230601
CASA_UW,20230601
CASH_UW,20230601
CASS_UW,20230601
CATC_UR,20230601
CATO_UN,20230601
CATY_UW,20230601
CBAN_UQ,20230601
CBL_UN,20230601
CBNK_UW,20230601
CBRL_UW,20230601
CBT_UN,20230601
CBU_UN,20230601
CBZ_UN,20230601
CCB_UW,20230601
CCBG_UW,20230601
CCCC_UW,20230601
CCF_UA,20230601
CCNE_UW,20230601
CCO_UN,20230601
CCOI_UW,20230601
CCRN_UW,20230601
CCS_UN,20230601
CCSI_UW,20230601
CDE_UN,20230601
CDLX_UQ,20230601
CDMO_UR,20230601
CDNA_UQ,20230601
CDRE_UN,20230601
CDXS_UW,20230601
CEIX_UN,20230601
CELH_UR,20230601
CELL_UW,20230601
CELU_UR,20230601
CENN_UR,20230601
CENT_UW,20230601
CENTA_UW,20230601
CENX_UW,20230601
CERE_UR,20230601
CERS_UQ,20230601
CEVA_UW,20230601
CFB_UW,20230601
CFFN_UW,20230601
CGEM_UW,20230601
CHCO_UW,20230601
CHCT_UN,20230601
CHEF_UW,20230601
CHGG_UN,20230601
CHRD_UW,20230601
CHRS_UQ,20230601
CHS_UN,20230601
CHUY_UW,20230601
CHX_UW,20230601
CIFR_UW,20230601
CIM_UN,20230601
CIO_UN,20230601
CIR_UN,20230601
CISO_UR,20230601
CIVB_UR,20230601
CIVI_UN,20230601
CIX_UA,20230601
CLAR_UW,20230601
CLBK_UW,20230601
CLDT_UN,20230601
CLDX_UR,20230601
CLFD_UQ,20230601
CLNE_UW,20230601
CLOV_UW,20230601
CLPR_UN,20230601
CLSK_UR,20230601
CLW_UN,20230601
CMAX_UW,20230601
CMBM_UQ,20230601
CMC_UN,20230601
CMCO_UW,20230601
CMLS_UQ,20230601
CMP_UN,20230601
CMPO_UQ,20230601
CMPR_UW,20230601
CMRE_UN,20230601
CMRX_UQ,20230601
CMTG_UN,20230601
CMTL_UW,20230601
CNDT_UW,20230601
CNK_UN,20230601
CNMD_UN,20230601
CNNE_UN,20230601
CNO_UN,20230601
CNOB_UW,20230601
CNS_UN,20230601
CNSL_UW,20230601
CNTY_UR,20230601
CNX_UN,20230601
CNXN_UW,20230601
COCO_UW,20230601
CODI_UN,20230601
COGT_UW,20230601
COHU_UW,20230601
COKE_UW,20230601
COLL_UW,20230601
COMM_UW,20230601
COMP_UN,20230601
CONN_UW,20230601
COOK_UN,20230601
COOP_UR,20230601
CORT_UR,20230601
COUR_UN,20230601
CPE_UN,20230601
CPF_UN,20230601
CPK_UN,20230601
CPRX_UR,20230601
CPSI_UW,20230601
CPSS_UQ,20230601
CPTN_UR,20230601
CRAI_UW,20230601
CRBU_UW,20230601
CRC_UN,20230601
CRD_A_UN,20230601
CRDO_UW,20230601
CRGE_UQ,20230601
CRGY_UN,20230601
CRK_UN,20230601
CRMT_UW,20230601
CRNC_UW,20230601
CRNX_UW,20230601
CROX_UW,20230601
CRS_UN,20230601
CRSR_UW,20230601
CRVL_UW,20230601
CSGS_UW,20230601
CSR_UN,20230601
CSTE_UW,20230601
CSTL_UQ,20230601
CSTM_UN,20230601
CSTR_UW,20230601
CSV_UN,20230601
CSWI_UW,20230601
CTBI_UW,20230601
CTIC_UR,20230601
CTKB_UW,20230601
CTLP_UW,20230601
CTO_UN,20230601
CTOS_UN,20230601
CTRE_UN,20230601
CTRN_UW,20230601
CTS_UN,20230601
CTV_UN,20230601
CUBI_UN,20230601
CURO_UN,20230601
CURV_UN,20230601
CUTR_UW,20230601
CVBF_UW,20230601
CVCO_UW,20230601
CVGW_UW,20230601
CVI_UN,20230601
CVLG_UW,20230601
CVLT_UW,20230601
CVT_UQ,20230601
CWEN_UN,20230601
CWEN_A_UN,20230601
CWH_UN,20230601
CWK_UN,20230601
CWST_UW,20230601
CWT_UN,20230601
CXW_UN,20230601
CYH_UN,20230601
CYRX_UR,20230601
CYTK_UW,20230601
CYXT_UW,20230601
CZNC_UR,20230601
DAN_UN,20230601
DAWN_UW,20230601
DBI_UN,20230601
DBRG_UN,20230601
DC_UA,20230601
DCGO_UR,20230601
DCO_UN,20230601
DCOM_UW,20230601
DCPH_UW,20230601
DDD_UN,20230601
DDS_UN,20230601
DEA_UN,20230601
DEN_UN,20230601
DENN_UR,20230601
DFH_UN,20230601
DFIN_UN,20230601
DGICA_UW,20230601
DGII_UW,20230601
DHC_UW,20230601
DHIL_UW,20230601
DHT_UN,20230601
DHX_UN,20230601
DIBS_UQ,20230601
DICE_UQ,20230601
DIN_UN,20230601
DIOD_UW,20230601
DJCO_UR,20230601
DK_UN,20230601
DLTH_UW,20230601
DLX_UN,20230601
DM_UN,20230601
DMRC_UW,20230601
DNLI_UW,20230601
DNMR_UN,20230601
DNOW_UN,20230601
DNUT_UW,20230601
DO_UN,20230601
DOC_UN,20230601
DOCN_UN,20230601
DOMA_UN,20230601
DOMO_UQ,20230601
DOOR_UN,20230601
DORM_UW,20230601
DOUG_UN,20230601
DRH_UN,20230601
DRQ_UN,20230601
DSEY_UW,20230601
DSGN_UW,20230601
DSGR_UW,20230601
DSKE_UR,20230601
DSP_UW,20230601
DTC_UN,20230601
DUOL_UW,20230601
DVAX_UW,20230601
DX_UN,20230601
DXLG_UQ,20230601
DXPE_UW,20230601
DY_UN,20230601
DYN_UW,20230601
DZSI_UR,20230601
EAF_UN,20230601
EAT_UN,20230601
EB_UN,20230601
EBC_UW,20230601
EBF_UN,20230601
EBIX_UW,20230601
EBS_UN,20230601
EBTC_UW,20230601
ECPG_UW,20230601
ECVT_UN,20230601
EDIT_UW,20230601
EE_UN,20230601
EFC_UN,20230601
EFSC_UW,20230601
EGAN_UR,20230601
EGBN_UR,20230601
EGHT_UW,20230601
EGIO_UW,20230601
EGLE_UN,20230601
EGRX_UQ,20230601
EGY_UN,20230601
EHTH_UW,20230601
EIG_UN,20230601
EIGR_UQ,20230601
ELF_UN,20230601
ELME_UN,20230601
EMBC_UW,20230601
EME_UN,20230601
ENFN_UN,20230601
ENOB_UR,20230601
ENR_UN,20230601
ENS_UN,20230601
ENSG_UW,20230601
ENTA_UW,20230601
ENV_UN,20230601
ENVA_UN,20230601
ENVX_UW,20230601
EOLS_UQ,20230601
EP_UA,20230601
EPAC_UN,20230601
EPC_UN,20230601
EPRT_UN,20230601
EQBK_UN,20230601
EQC_UN,20230601
EQRX_UQ,20230601
ERAS_UW,20230601
ERII_UW,20230601
ESE_UN,20230601
ESGR_UW,20230601
ESMT_UN,20230601
ESNT_UN,20230601
ESPR_UQ,20230601
ESQ_UR,20230601
ESRT_UN,20230601
ESTE_UN,20230601
ETD_UN,20230601
ETRN_UN,20230601
ETWO_UN,20230601
EVBG_UQ,20230601
EVC_UN,20230601
EVCM_UW,20230601
EVER_UQ,20230601
EVGO_UW,20230601
EVH_UN,20230601
EVLV_UR,20230601
EVRI_UN,20230601
EVTC_UN,20230601
EWCZ_UW,20230601
EWTX_UW,20230601
EXLS_UW,20230601
EXPI_UQ,20230601
EXPO_UW,20230601
EXPR_UN,20230601
EXTR_UW,20230601
EYE_UW,20230601
EYPT_UQ,20230601
EZPW_UW,20230601
FA_UW,20230601
FARO_UW,20230601
FATE_UQ,20230601
FATH_UN,20230601
FBIZ_UW,20230601
FBK_UN,20230601
FBMS_UQ,20230601
FBNC_UW,20230601
FBP_UN,20230601
FBRT_UN,20230601
FC_UN,20230601
FCBC_UW,20230601
FCEL_UQ,20230601
FCF_UN,20230601
FCFS_UW,20230601
FCPT_UN,20230601
FCUV_UQ,20230601
FDMT_UW,20230601
FDP_UN,20230601
FEAM_UW,20230601
FELE_UW,20230601
FF_UN,20230601
FFBC_UW,20230601
FFIC_UW,20230601
FFIE_UR,20230601
FFIN_UW,20230601
FFWM_UQ,20230601
FGBI_UQ,20230601
FGEN_UW,20230601
FHI_UN,20230601
FHTX_UQ,20230601
FIBK_UW,20230601
FIGS_UN,20230601
FISI_UW,20230601
FIX_UN,20230601
FIZZ_UW,20230601
FL_UN,20230601
FLGT_UQ,20230601
FLIC_UR,20230601
FLL_UR,20230601
FLNC_UW,20230601
FLNG_UN,20230601
FLR_UN,20230601
FLWS_UW,20230601
FLYW_UW,20230601
FMAO_UR,20230601
FMBH_UQ,20230601
FMNB_UR,20230601
FN_UN,20230601
FNA_UN,20230601
FNKO_UW,20230601
FNLC_UW,20230601
FOA_UN,20230601
FOCS_UW,20230601
FOLD_UQ,20230601
FOR_UN,20230601
FORG_UN,20230601
FORM_UW,20230601
FORR_UW,20230601
FOSL_UW,20230601
FOXF_UW,20230601
FPI_UN,20230601
FRBA_UQ,20230601
FRBK_UQ,20230601
FREE_UR,20230601
FRG_UQ,20230601
FRME_UW,20230601
FRO_UN,20230601
FRPH_UW,20230601
FRST_UQ,20230601
FSBC_UW,20230601
FSLY_UN,20230601
FSP_UA,20230601
FSR_UN,20230601
FSS_UN,20230601
FTCI_UQ,20230601
FTDR_UW,20230601
FUBO_UN,20230601
FUL_UN,20230601
FULC_UQ,20230601
FULT_UW,20230601
FVCB_UR,20230601
FWRD_UW,20230601
FWRG_UW,20230601
FXLV_UN,20230601
GABC_UW,20230601
GAMB_UQ,20230601
GATX_UN,20230601
GBCI_UN,20230601
GBIO_UW,20230601
GBX_UN,20230601
GCBC_UR,20230601
GCI_UN,20230601
GCMG_UQ,20230601
GCO_UN,20230601
GDEN_UQ,20230601
GDOT_UN,20230601
GDYN_UR,20230601
GEF_UN,20230601
GEF_B_UN,20230601
GEO_UN,20230601
GERN_UW,20230601
GES_UN,20230601
GEVO_UR,20230601
GFF_UN,20230601
GHC_UN,20230601
GIC_UN,20230601
GIII_UW,20230601
GKOS_UN,20230601
GLDD_UW,20230601
GLNG_UW,20230601
GLRE_UW,20230601
GLT_UN,20230601
GLUE_UW,20230601
GMRE_UN,20230601
GMS_UN,20230601
GNK_UN,20230601
GNL_UN,20230601
GNTY_UN,20230601
GNW_UN,20230601
GOEV_UW,20230601
GOGL_UW,20230601
GOGO_UW,20230601
GOLF_UN,20230601
GOOD_UW,20230601
GOSS_UW,20230601
GPI_UN,20230601
GPMT_UN,20230601
GPOR_UN,20230601
GPRE_UW,20230601
GPRO_UW,20230601
GRBK_UN,20230601
GRC_UN,20230601
GREE_UW,20230601
GRNA_UQ,20230601
GRPN_UW,20230601
GRWG_UR,20230601
GSAT_UA,20230601
GSBC_UW,20230601
GSHD_UW,20230601
GT_UW,20230601
GTLS_UN,20230601
GTN_UN,20230601
GTY_UN,20230601
GVA_UN,20230601
GWH_UN,20230601
GWRS_UQ,20230601
HA_UW,20230601
HAE_UN,20230601
HAFC_UW,20230601
HAIN_UW,20230601
HALO_UW,20230601
HASI_UN,20230601
HAYN_UW,20230601
HBCP_UW,20230601
HBNC_UW,20230601
HBT_UW,20230601
HCAT_UW,20230601
HCC_UN,20230601
HCCI_UW,20230601
HCI_UN,20230601
HCKT_UW,20230601
HCSG_UW,20230601
HDSN_UR,20230601
HEAR_UQ,20230601
HEES_UW,20230601
HELE_UW,20230601
HFFG_UR,20230601
HFWA_UW,20230601
HGV_UN,20230601
HI_UN,20230601
HIBB_UW,20230601
HIFS_UQ,20230601
HIMS_UN,20230601
HIPO_UN,20230601
HL_UN,20230601
HLF_UN,20230601
HLGN_UN,20230601
HLI_UN,20230601
HLIO_UN,20230601
HLIT_UW,20230601
HLLY_UN,20230601
HLMN_UQ,20230601
HLNE_UW,20230601
HLTH_UW,20230601
HLVX_UW,20230601
HLX_UN,20230601
HMN_UN,20230601
HMPT_UW,20230601
HMST_UW,20230601
HNI_UN,20230601
HNST_UW,20230601
HOMB_UN,20230601
HONE_UW,20230601
HOPE_UW,20230601
HOUS_UN,20230601
HOV_UN,20230601
HP_UN,20230601
HPK_UQ,20230601
HQY_UW,20230601
HRI_UN,20230601
HRMY_UQ,20230601
HRT_UN,20230601
HRTX_UR,20230601
HSC_UN,20230601
HSII_UW,20230601
HSKA_UR,20230601
HSTM_UW,20230601
HT_UN,20230601
HTBI_UW,20230601
HTBK_UW,20230601
HTH_UN,20230601
HTLD_UW,20230601
HTLF_UW,20230601
HUBG_UW,20230601
HUMA_UW,20230601
HURN_UW,20230601
HVT_UN,20230601
HWC_UW,20230601
HWKN_UW,20230601
HY_UN,20230601
HYFM_UW,20230601
HYLN_UN,20230601
HYMC_UR,20230601
HYZN_UW,20230601
HZO_UN,20230601
IAS_UW,20230601
IBCP_UW,20230601
IBEX_UQ,20230601
IBOC_UW,20230601
IBP_UN,20230601
IBRX_UW,20230601
IBTX_UW,20230601
ICFI_UW,20230601
ICHR_UW,20230601
ICPT_UW,20230601
ICVX_UW,20230601
IDCC_UW,20230601
IDT_UN,20230601
IDYA_UW,20230601
IE_UA,20230601
IESC_UQ,20230601
IGMS_UW,20230601
IGT_UN,20230601
IHRT_UW,20230601
III_UQ,20230601
IIIN_UN,20230601
IIIV_UW,20230601
IIPR_UN,20230601
ILPT_UW,20230601
IMAX_UN,20230601
IMGN_UW,20230601
IMKTA_UW,20230601
IMVT_UW,20230601
IMXI_UR,20230601
INBK_UW,20230601
INBX_UQ,20230601
INDB_UW,20230601
INDI_UR,20230601
INDT_UQ,20230601
INFN_UW,20230601
INGN_UW,20230601
INN_UN,20230601
INNV_UW,20230601
INO_UW,20230601
INSE_UR,20230601
INSG_UW,20230601
INSM_UW,20230601
INSP_UN,20230601
INST_UN,20230601
INSW_UN,20230601
INT_UN,20230601
INTA_UW,20230601
INVA_UW,20230601
INVE_UR,20230601
IONQ_UN,20230601
IOSP_UW,20230601
IOVA_UQ,20230601
IPAR_UW,20230601
IPI_UN,20230601
IPSC_UW,20230601
IRBT_UW,20230601
IRDM_UW,20230601
IRMD_UR,20230601
IRNT_UN,20230601
IRT_UN,20230601
IRTC_UW,20230601
IRWD_UW,20230601
ISEE_UW,20230601
ISPO_UQ,20230601
ITCI_UW,20230601
ITGR_UN,20230601
ITIC_UW,20230601
ITOS_UQ,20230601
ITRI_UW,20230601
IVR_UN,20230601
IVT_UN,20230601
IVVD_UQ,20230601
JACK_UW,20230601
JANX_UQ,20230601
JBI_UN,20230601
JBSS_UW,20230601
JBT_UN,20230601
JELD_UN,20230601
JJSF_UW,20230601
JMSB_UR,20230601
JOAN_UQ,20230601
JOBY_UN,20230601
JOE_UN,20230601
JOUT_UW,20230601
JRVR_UW,20230601
JXN_UN,20230601
JYNT_UR,20230601
KAI_UN,20230601
KALU_UW,20230601
KALV_UQ,20230601
KAMN_UN,20230601
KAR_UN,20230601
KBH_UN,20230601
KDNY_UW,20230601
KE_UW,20230601
KELYA_UW,20230601
KFRC_UW,20230601
KFY_UN,20230601
KIDS_UQ,20230601
KLIC_UW,20230601
KLR_UN,20230601
KMT_UN,20230601
KN_UN,20230601
KNSA_UW,20230601
KNSL_UN,20230601
KNTE_UW,20230601
KNTK_UN,20230601
KOD_UQ,20230601
KODK_UN,20230601
KOP_UN,20230601
KORE_UN,20230601
KOS_UN,20230601
KPTI_UW,20230601
KREF_UN,20230601
KRG_UN,20230601
KRNY_UW,20230601
KRO_UN,20230601
KRON_UW,20230601
KROS_UQ,20230601
KRT_UW,20230601
KRTX_UQ,20230601
KRUS_UQ,20230601
KRYS_UQ,20230601
KTB_UN,20230601
KTOS_UW,20230601
KURA_UW,20230601
KW_UN,20230601
KWR_UN,20230601
KYMR_UQ,20230601
KZR_UW,20230601
LADR_UN,20230601
LANC_UW,20230601
LAND_UQ,20230601
LASR_UW,20230601
LAUR_UW,20230601
LAW_UN,20230601
LAZR_UW,20230601
LBAI_UW,20230601
LBC_UW,20230601
LBRT_UN,20230601
LC_UN,20230601
LCII_UN,20230601
LCUT_UW,20230601
LE_UR,20230601
LEGH_UW,20230601
LEU_UA,20230601
LFCR_UW,20230601
LFLY_UR,20230601
LFST_UW,20230601
LGF_A_UN,20230601
LGF_B_UN,20230601
LGIH_UW,20230601
LGND_UQ,20230601
LICY_UN,20230601
LIDR_UR,20230601
LILA_UW,20230601
LILAK_UW,20230601
LIND_UR,20230601
LIVN_UW,20230601
LKFN_UW,20230601
LL_UN,20230601
LLAP_UN,20230601
LMAT_UQ,20230601
LMND_UN,20230601
LNN_UN,20230601
LNTH_UQ,20230601
LNW_UW,20230601
LOB_UN,20230601
LOCL_UN,20230601
LOCO_UW,20230601
LOVE_UQ,20230601
LPG_UN,20230601
LPRO_UQ,20230601
LPSN_UW,20230601
LQDA_UR,20230601
LQDT_UW,20230601
LRN_UN,20230601
LSEA_UR,20230601
LTC_UN,20230601
LTCH_UW,20230601
LTH_UN,20230601
LTHM_UN,20230601
LUNG_UW,20230601
LVLU_UQ,20230601
LVOX_UW,20230601
LWLG_UR,20230601
LXFR_UN,20230601
LXP_UN,20230601
LXRX_UW,20230601
LXU_UN,20230601
LYEL_UW,20230601
LZ_UW,20230601
LZB_UN,20230601
MAC_UN,20230601
MAPS_UW,20230601
MARA_UR,20230601
MASS_UQ,20230601
MATV_UN,20230601
MATW_UW,20230601
MATX_UN,20230601
MAX_UN,20230601
MBI_UN,20230601
MBIN_UR,20230601
MBUU_UQ,20230601
MBWM_UW,20230601
MC_UN,20230601
MCB_UN,20230601
MCBC_UW,20230601
MCBS_UW,20230601
MCFT_UQ,20230601
MCRB_UW,20230601
MCRI_UW,20230601
MCS_UN,20230601
MCY_UN,20230601
MD_UN,20230601
MDC_UN,20230601
MDGL_UW,20230601
MDRX_UW,20230601
MDXG_UR,20230601
ME_UW,20230601
MED_UN,20230601
MEDP_UW,20230601
MEG_UN,20230601
MEI_UN,20230601
METC_UW,20230601
MFA_UN,20230601
MGEE_UW,20230601
MGNI_UW,20230601
MGNX_UW,20230601
MGPI_UW,20230601
MGRC_UW,20230601
MGTX_UW,20230601
MGY_UN,20230601
MHO_UN,20230601
MIR_UN,20230601
MIRM_UQ,20230601
MITK_UR,20230601
MKFG_UN,20230601
MKTW_UQ,20230601
ML_UN,20230601
MLAB_UW,20230601
MLI_UN,20230601
MLKN_UW,20230601
MLNK_UN,20230601
MLR_UN,20230601
MLYS_UW,20230601
MMI_UN,20230601
MMS_UN,20230601
MMSI_UW,20230601
MNKD_UQ,20230601
MNRO_UW,20230601
MNTK_UR,20230601
MNTS_UW,20230601
MOD_UN,20230601
MODG_UN,20230601
MODN_UN,20230601
MODV_UW,20230601
MOFG_UW,20230601
MOG_A_UN,20230601
MORF_UQ,20230601
MOV_UN,20230601
MPAA_UW,20230601
MPB_UQ,20230601
MPLN_UN,20230601
MPX_UN,20230601
MQ_UW,20230601
MRC_UN,20230601
MRSN_UW,20230601
MRTN_UW,20230601
MSBI_UW,20230601
MSEX_UW,20230601
MSGE_UN,20230601
MSTR_UW,20230601
MTDR_UN,20230601
MTH_UN,20230601
MTRN_UN,20230601
MTSI_UW,20230601
MTTR_UQ,20230601
MTW_UN,20230601
MTX_UN,20230601
MULN_UR,20230601
MUR_UN,20230601
MUSA_UN,20230601
MVBF_UR,20230601
MVIS_UQ,20230601
MVST_UW,20230601
MWA_UN,20230601
MXCT_UW,20230601
MXL_UW,20230601
MYE_UN,20230601
MYFW_UW,20230601
MYGN_UW,20230601
MYPS_UQ,20230601
MYRG_UW,20230601
NABL_UN,20230601
NAPA_UN,20230601
NARI_UW,20230601
NAT_UN,20230601
NATR_UR,20230601
NAUT_UW,20230601
NAVI_UW,20230601
NBHC_UN,20230601
NBN_UQ,20230601
NBR_UN,20230601
NBTB_UW,20230601
NC_UN,20230601
NDLS_UW,20230601
NE_UN,20230601
NEO_UR,20230601
NEOG_UW,20230601
NETI_UN,20230601
NEX_UN,20230601
NEXT_UR,20230601
NFBK_UW,20230601
NG_UA,20230601
NGM_UW,20230601
NGMS_UQ,20230601
NGVC_UN,20230601
NGVT_UN,20230601
NHC_UA,20230601
NHI_UN,20230601
NIC_UN,20230601
NJR_UN,20230601
NKLA_UW,20230601
NKTR_UW,20230601
NKTX_UW,20230601
NL_UN,20230601
NMIH_UQ,20230601
NMRK_UW,20230601
NN_UR,20230601
NNI_UN,20230601
NNOX_UQ,20230601
NODK_UR,20230601
NOG_UN,20230601
NOTV_UR,20230601
NOVA_UN,20230601
NOVT_UW,20230601
NPK_UN,20230601
NPO_UN,20230601
NR_UN,20230601
NRC_UW,20230601
NRDS_UQ,20230601
NRDY_UN,20230601
NREF_UN,20230601
NRGV_UN,20230601
NRIX_UQ,20230601
NSIT_UW,20230601
NSP_UN,20230601
NSSC_UW,20230601
NSTG_UQ,20230601
NTB_UN,20230601
NTCT_UW,20230601
NTGR_UW,20230601
NTLA_UQ,20230601
NTST_UN,20230601
NUS_UN,20230601
NUTX_UR,20230601
NUVA_UW,20230601
NUVB_UN,20230601
NUVL_UW,20230601
NVEE_UW,20230601
NVRO_UN,20230601
NVTA_UN,20230601
NWBI_UW,20230601
NWE_UW,20230601
NWLI_UW,20230601
NWN_UN,20230601
NWPX_UW,20230601
NX_UN,20230601
NXGN_UW,20230601
NXRT_UN,20230601
NXT_UW,20230601
NYMT_UW,20230601
OABI_UQ,20230601
OB_UW,20230601
OBK_UN,20230601
OCFC_UW,20230601
OCGN_UR,20230601
OCTO_UR,20230601
OCUL_UQ,20230601
ODP_UW,20230601
OEC_UN,20230601
OFC_UN,20230601
OFG_UN,20230601
OFIX_UW,20230601
OFLX_UQ,20230601
OGS_UN,20230601
OI_UN,20230601
OII_UN,20230601
OIS_UN,20230601
OLO_UN,20230601
OLP_UN,20230601
OM_UW,20230601
OMCL_UW,20230601
OMI_UN,20230601
OMIC_UW,20230601
ONB_UW,20230601
ONDS_UR,20230601
ONEW_UQ,20230601
ONL_UN,20230601
ONTF_UN,20230601
ONTO_UN,20230601
OOMA_UN,20230601
OPAD_UN,20230601
OPCH_UW,20230601
OPFI_UN,20230601
OPI_UW,20230601
OPK_UW,20230601
OPRT_UW,20230601
OPRX_UR,20230601
OPY_UN,20230601
ORA_UN,20230601
ORC_UN,20230601
ORGN_UR,20230601
ORGO_UR,20230601
ORRF_UR,20230601
OSBC_UW,20230601
OSCR_UN,20230601
OSIS_UW,20230601
OSPN_UR,20230601
OSTK_UQ,20230601
OSUR_UW,20230601
OSW_UR,20230601
OTLK_UR,20230601
OTTR_UW,20230601
OUST_UN,20230601
OUT_UN,20230601
OWLT_UN,20230601
OXM_UN,20230601
PACB_UW,20230601
PACK_UN,20230601
PAHC_UQ,20230601
PAR_UN,20230601
PARR_UN,20230601
PATK_UW,20230601
PAYO_UQ,20230601
PBF_UN,20230601
PBFS_UR,20230601
PBH_UN,20230601
PBI_UN,20230601
PCB_UW,20230601
PCH_UW,20230601
PCRX_UW,20230601
PCT_UR,20230601
PCVX_UW,20230601
PCYO_UR,20230601
PD_UN,20230601
PDCO_UW,20230601
PDFS_UW,20230601
PDM_UN,20230601
PEB_UN,20230601
PEBO_UW,20230601
PECO_UW,20230601
PEPG_UW,20230601
PETQ_UW,20230601
PETS_UW,20230601
PFBC_UW,20230601
PFC_UW,20230601
PFIS_UW,20230601
PFS_UN,20230601
PFSI_UN,20230601
PFSW_UR,20230601
PGC_UW,20230601
PGEN_UW,20230601
PGNY_UW,20230601
PGRE_UN,20230601
PGTI_UN,20230601
PHAT_UW,20230601
PHR_UN,20230601
PI_UW,20230601
PIII_UR,20230601
PIPR_UN,20230601
PJT_UN,20230601
PKBK_UR,20230601
PKE_UN,20230601
PL_UN,20230601
PLAB_UW,20230601
PLAY_UW,20230601
PLBY_UQ,20230601
PLCE_UW,20230601
PLL_UR,20230601
PLM_UA,20230601
PLMR_UW,20230601
PLOW_UN,20230601
PLPC_UW,20230601
PLUS_UW,20230601
PLXS_UW,20230601
PLYM_UN,20230601
PMT_UN,20230601
PMVP_UW,20230601
PNM_UN,20230601
PNT_UR,20230601
PNTG_UW,20230601
POR_UN,20230601
POWI_UW,20230601
POWL_UW,20230601
POWW_UR,20230601
PPBI_UW,20230601
PR_UN,20230601
PRA_UN,20230601
PRAA_UW,20230601
PRAX_UW,20230601
PRCH_UR,20230601
PRCT_UQ,20230601
PRDO_UW,20230601
PRDS_UQ,20230601
PRFT_UW,20230601
PRG_UN,20230601
PRGS_UW,20230601
PRIM_UN,20230601
PRK_UA,20230601
PRLB_UN,20230601
PRM_UN,20230601
PRME_UQ,20230601
PRMW_UN,20230601
PRO_UN,20230601
PRPL_UW,20230601
PRTA_UW,20230601
PRTH_UR,20230601
PRTS_UW,20230601
PRVA_UW,20230601
PSFE_UN,20230601
PSMT_UW,20230601
PSN_UN,20230601
PSTL_UN,20230601
PTCT_UW,20230601
PTEN_UW,20230601
PTGX_UQ,20230601
PTLO_UW,20230601
PTRA_UW,20230601
PTSI_UQ,20230601
PTVE_UW,20230601
PUBM_UQ,20230601
PUMP_UN,20230601
PVBC_UR,20230601
PWP_UW,20230601
PWSC_UN,20230601
PZZA_UW,20230601
QCRH_UQ,20230601
QLYS_UW,20230601
QNST_UW,20230601
QRTEA_UW,20230601
QSI_UQ,20230601
QTRX_UQ,20230601
QTWO_UN,20230601
QUAD_UN,20230601
QUOT_UN,20230601
RAD_UN,20230601
RADI_UQ,20230601
RAMP_UN,20230601
RAPT_UQ,20230601
RBB_UW,20230601
RBBN_UW,20230601
RBC_UN,20230601
RBCAA_UW,20230601
RBOT_UN,20230601
RC_UN,20230601
RCKT_UQ,20230601
RCKY_UW,20230601
RCM_UW,20230601
RCUS_UN,20230601
RDFN_UW,20230601
RDN_UN,20230601
RDNT_UQ,20230601
RDVT_UR,20230601
RDW_UN,20230601
REAL_UW,20230601
REFI_UQ,20230601
REI_UA,20230601
RELY_UW,20230601
RENT_UW,20230601
REPL_UW,20230601
REPX_UA,20230601
RES_UN,20230601
RETA_UQ,20230601
REVG_UN,20230601
REX_UN,20230601
REZI_UN,20230601
RGNX_UW,20230601
RGP_UW,20230601
RGR_UN,20230601
RGTI_UR,20230601
RHP_UN,20230601
RICK_UQ,20230601
RIDE_UW,20230601
RIGL_UW,20230601
RILY_UQ,20230601
RIOT_UR,20230601
RKLB_UR,20230601
RLAY_UQ,20230601
RLGT_UA,20230601
RLI_UN,20230601
RLJ_UN,20230601
RLMD_UW,20230601
RLYB_UW,20230601
RM_UN,20230601
RMAX_UN,20230601
RMBL_UR,20230601
RMBS_UW,20230601
RMNI_UQ,20230601
RMR_UR,20230601
RNA_UQ,20230601
RNST_UW,20230601
ROAD_UW,20230601
ROCC_UW,20230601
ROCK_UW,20230601
ROG_UN,20230601
ROIC_UW,20230601
ROOT_UW,20230601
ROVR_UQ,20230601
RPAY_UR,20230601
RPD_UQ,20230601
RPT_UN,20230601
RRBI_UW,20230601
RRR_UW,20230601
RSI_UN,20230601
RSVR_UQ,20230601
RTL_UW,20230601
RUSHA_UW,20230601
RUSHB_UW,20230601
RUTH_UW,20230601
RVLV_UN,20230601
RVMD_UW,20230601
RVNC_UQ,20230601
RWT_UN,20230601
RXDX_UW,20230601
RXRX_UW,20230601
RXST_UQ,20230601
RXT_UW,20230601
RYAM_UN,20230601
RYI_UN,20230601
SABR_UW,20230601
SAFE_UN,20230601
SAFT_UW,20230601
SAGE_UQ,20230601
SAH_UN,20230601
SAIA_UW,20230601
SAMG_UQ,20230601
SANA_UW,20230601
SANM_UW,20230601
SASR_UW,20230601
SATS_UW,20230601
SAVA_UR,20230601
SAVE_UN,20230601
SB_UN,20230601
SBCF_UW,20230601
SBGI_UW,20230601
SBH_UN,20230601
SBOW_UN,20230601
SBRA_UW,20230601
SBSI_UW,20230601
SBT_UR,20230601
SCHL_UW,20230601
SCHN_UW,20230601
SCL_UN,20230601
SCS_UN,20230601
SCSC_UW,20230601
SCU_UN,20230601
SCVL_UW,20230601
SCWX_UW,20230601
SD_UN,20230601
SDGR_UW,20230601
SEAS_UN,20230601
SEAT_UW,20230601
SEER_UW,20230601
SEM_UN,20230601
SENEA_UW,20230601
SENS_UA,20230601
SFBS_UN,20230601
SFIX_UW,20230601
SFL_UN,20230601
SFM_UW,20230601
SFNC_UW,20230601
SFST_UQ,20230601
SG_UN,20230601
SGC_UQ,20230601
SGH_UW,20230601
SGHT_UW,20230601
SGMO_UW,20230601
SGRY_UW,20230601
SHAK_UN,20230601
SHBI_UW,20230601
SHCR_UW,20230601
SHEN_UW,20230601
SHLS_UQ,20230601
SHO_UN,20230601
SHOO_UW,20230601
SHYF_UW,20230601
SIBN_UQ,20230601
SIG_UN,20230601
SIGA_UQ,20230601
SIGI_UW,20230601
SILK_UW,20230601
SITC_UN,20230601
SITM_UQ,20230601
SJW_UN,20230601
SKIL_UN,20230601
SKIN_UR,20230601
SKLZ_UN,20230601
SKT_UN,20230601
SKWD_UW,20230601
SKY_UN,20230601
SKYT_UR,20230601
SKYW_UW,20230601
SLAB_UW,20230601
SLCA_UN,20230601
SLDP_UW,20230601
SLGC_UQ,20230601
SLP_UW,20230601
SLQT_UN,20230601
SLVM_UN,20230601
SM_UN,20230601
SMBC_UQ,20230601
SMBK_UR,20230601
SMCI_UW,20230601
SMMF_UW,20230601
SMP_UN,20230601
SMPL_UR,20230601
SMR_UN,20230601
SMRT_UN,20230601
SMTC_UW,20230601
SNBR_UW,20230601
SNCE_UQ,20230601
SNCY_UW,20230601
SNDX_UW,20230601
SNEX_UW,20230601
SNPO_UW,20230601
SOI_UN,20230601
SOND_UW,20230601
SONO_UW,20230601
SOVO_UW,20230601
SP_UW,20230601
SPCE_UN,20230601
SPFI_UW,20230601
SPHR_UN,20230601
SPIR_UN,20230601
SPNS_UW,20230601
SPNT_UN,20230601
SPSC_UW,20230601
SPT_UR,20230601
SPTN_UW,20230601
SPWH_UW,20230601
SPWR_UW,20230601
SPXC_UN,20230601
SQSP_UN,20230601
SR_UN,20230601
SRCE_UW,20230601
SRDX_UW,20230601
SRI_UN,20230601
SSB_UW,20230601
SSD_UN,20230601
SSP_UW,20230601
SSTI_UR,20230601
SSTK_UN,20230601
STAA_UQ,20230601
STAG_UN,20230601
STBA_UW,20230601
STC_UN,20230601
STEL_UW,20230601
STEM_UN,20230601
STEP_UW,20230601
STER_UW,20230601
STGW_UW,20230601
STHO_UQ,20230601
STKL_UW,20230601
STKS_UR,20230601
STNE_UW,20230601
STNG_UN,20230601
STOK_UW,20230601
STR_UN,20230601
STRA_UW,20230601
STRC_UQ,20230601
STRL_UW,20230601
STRO_UQ,20230601
STRS_UW,20230601
SUM_UN,20230601
SUNL_UN,20230601
SUPN_UQ,20230601
SVC_UW,20230601
SWAV_UW,20230601
SWBI_UW,20230601
SWI_UN,20230601
SWIM_UW,20230601
SWKH_UR,20230601
SWTX_UW,20230601
SWX_UN,20230601
SXC_UN,20230601
SXI_UN,20230601
SXT_UN,20230601
SYBT_UW,20230601
SYNA_UW,20230601
TALO_UN,20230601
TALS_UQ,20230601
TARS_UW,20230601
TBBK_UW,20230601
TBI_UN,20230601
TBPH_UQ,20230601
TCBI_UW,20230601
TCBK_UW,20230601
TCBX_UW,20230601
TCI_UN,20230601
TCMD_UQ,20230601
TCS_UN,20230601
TCX_UR,20230601
TDS_UN,20230601
TDUP_UW,20230601
TDW_UN,20230601
TELL_UA,20230601
TENB_UW,20230601
TEX_UN,20230601
TFIN_UW,20230601
TG_UN,20230601
TGAN_UR,20230601
TGH_UN,20230601
TGI_UN,20230601
TGNA_UN,20230601
TGTX_UR,20230601
TH_UR,20230601
THFF_UW,20230601
THR_UN,20230601
THRD_UQ,20230601
THRM_UW,20230601
THRN_UW,20230601
THRX_UW,20230601
THRY_UR,20230601
THS_UN,20230601
TIL_UW,20230601
TILE_UW,20230601
TIPT_UR,20230601
TITN_UW,20230601
TK_UN,20230601
TKNO_UQ,20230601
TLS_UQ,20230601
TLYS_UN,20230601
TMCI_UW,20230601
TMDX_UQ,20230601
TMHC_UN,20230601
TMP_UA,20230601
TMST_UN,20230601
TNC_UN,20230601
TNET_UN,20230601
TNGX_UQ,20230601
TNK_UN,20230601
TNON_UR,20230601
TNYA_UW,20230601
TOI_UR,20230601
TOWN_UW,20230601
TPB_UN,20230601
TPC_UN,20230601
TPH_UN,20230601
TPIC_UQ,20230601
TR_UN,20230601
TRC_UN,20230601
TREE_UW,20230601
TRMK_UW,20230601
TRN_UN,20230601
TRNO_UN,20230601
TRNS_UQ,20230601
TROX_UN,20230601
TRS_UW,20230601
TRST_UW,20230601
TRTN_UN,20230601
TRTX_UN,20230601
TRUE_UW,20230601
TRUP_UQ,20230601
TSE_UN,20230601
TSP_UW,20230601
TSVT_UW,20230601
TTCF_UR,20230601
TTEC_UW,20230601
TTGT_UQ,20230601
TTI_UN,20230601
TTMI_UW,20230601
TTSH_UR,20230601
TUP_UN,20230601
TVTX_UQ,20230601
TWI_UN,20230601
TWNK_UR,20230601
TWO_UN,20230601
TWOU_UW,20230601
TWST_UW,20230601
TXRH_UW,20230601
TYRA_UW,20230601
UBA_UN,20230601
UBSI_UW,20230601
UCBI_UW,20230601
UCTT_UW,20230601
UDMY_UW,20230601
UE_UN,20230601
UEC_UA,20230601
UEIC_UW,20230601
UFCS_UW,20230601
UFI_UN,20230601
UFPI_UW,20230601
UFPT_UR,20230601
UHT_UN,20230601
UIS_UN,20230601
ULCC_UW,20230601
ULH_UW,20230601
UMBF_UW,20230601
UMH_UN,20230601
UNF_UN,20230601
UNFI_UN,20230601
UNIT_UW,20230601
UNTY_UQ,20230601
UONE_UR,20230601
UONEK_UR,20230601
UP_UN,20230601
UPBD_UW,20230601
UPLD_UQ,20230601
UPWK_UW,20230601
URBN_UW,20230601
URG_UA,20230601
USCB_UQ,20230601
USLM_UW,20230601
USM_UN,20230601
USNA_UN,20230601
USPH_UN,20230601
UTI_UN,20230601
UTL_UN,20230601
UTMD_UW,20230601
UTZ_UN,20230601
UUUU_UA,20230601
UVE_UN,20230601
UVSP_UW,20230601
UVV_UN,20230601
VAL_UN,20230601
VALU_UR,20230601
VBIV_UR,20230601
VBTX_UQ,20230601
VC_UW,20230601
VCEL_UQ,20230601
VCSA_UW,20230601
VCTR_UW,20230601
VCYT_UQ,20230601
VECO_UW,20230601
VEL_UN,20230601
VERA_UQ,20230601
VERI_UQ,20230601
VERU_UR,20230601
VERV_UW,20230601
VGR_UN,20230601
VHI_UN,20230601
VIA_UW,20230601
VIAV_UW,20230601
VICR_UW,20230601
VIEW_UQ,20230601
VIR_UW,20230601
VITL_UQ,20230601
VLD_UN,20230601
VLGEA_UW,20230601
VLY_UW,20230601
VMEO_UW,20230601
VNDA_UQ,20230601
VPG_UN,20230601
VRAY_UQ,20230601
VRDN_UR,20230601
VRE_UN,20230601
VREX_UW,20230601
VRNS_UW,20230601
VRNT_UW,20230601
VRRM_UR,20230601
VRTS_UW,20230601
VRTV_UN,20230601
VSEC_UW,20230601
VSH_UN,20230601
VSTO_UN,20230601
VTGN_UR,20230601
VTLE_UN,20230601
VTNR_UR,20230601
VTOL_UN,20230601
VTYX_UW,20230601
VUZI_UR,20230601
VVI_UN,20230601
VVX_UN,20230601
VWE_UQ,20230601
VXRT_UR,20230601
VZIO_UN,20230601
WABC_UW,20230601
WAFD_UW,20230601
WASH_UW,20230601
WD_UN,20230601
WDFC_UW,20230601
WEAV_UN,20230601
WEJO_UW,20230601
WERN_UW,20230601
WEYS_UW,20230601
WFRD_UW,20230601
WGO_UN,20230601
WGS_UW,20230601
WHD_UN,20230601
WINA_UQ,20230601
WING_UW,20230601
WIRE_UW,20230601
WISH_UW,20230601
WK_UN,20230601
WKHS_UR,20230601
WLDN_UQ,20230601
WLY_UN,20230601
WMK_UN,20230601
WNC_UN,20230601
WOR_UN,20230601
WOW_UN,20230601
WRBY_UN,20230601
WRLD_UW,20230601
WSBC_UW,20230601
WSBF_UW,20230601
WSFS_UW,20230601
WSR_UN,20230601
WT_UN,20230601
WTBA_UW,20230601
WTI_UN,20230601
WTS_UN,20230601
WTTR_UN,20230601
WULF_UR,20230601
WW_UW,20230601
WWW_UN,20230601
XERS_UW,20230601
XHR_UN,20230601
XMTR_UW,20230601
XNCR_UQ,20230601
XOS_UQ,20230601
XPEL_UR,20230601
XPER_UN,20230601
XPOF_UN,20230601
XPRO_UN,20230601
XRX_UW,20230601
XXII_UR,20230601
YELP_UN,20230601
YEXT_UN,20230601
YMAB_UW,20230601
YORW_UW,20230601
YOU_UN,20230601
ZD_UW,20230601
ZETA_UN,20230601
ZEUS_UW,20230601
ZEV_UN,20230601
ZGN_UN,20230601
ZIMV_UW,20230601
ZIP_UN,20230601
ZNTL_UQ,20230601
ZUMZ_UW,20230601
ZUO_UN,20230601
ZWS_UN,20230601
ZYXI_UW,20230601
