date,PX_OPEN,PX_LOW,PX_HIGH,PX_LAST,VOLUME,MOV_AVG_5D,CHG_PCT_1D,LOG_CHG_PCT_1D,LOG_CHG_PCT_1D_win
2021-09-30,7875.0,7775.0,7663.0,8163.0,3654152.0,7880.0,3.6184,0.035544734244787546,0.035544734244787546
2021-10-01,7325.0,7588.0,7263.0,7725.0,2213096.0,7770.0,-6.9841,-0.0723997397062188,-0.05225797006386153
2021-10-04,7325.0,7588.0,7263.0,7725.0,2213096.0,7770.0,0.0,0.0,0.0
2021-10-05,6900.0,7425.0,6900.0,7525.0,2107120.0,7527.5,-5.802,-0.0597712360536691,-0.05225797006386153
2021-10-06,6200.0,7063.0,6075.0,7125.0,2023216.0,7180.0,-10.1449,-0.10697181310060189,-0.05225797006386153
2021-10-07,6413.0,6238.0,6075.0,6513.0,1244408.0,6942.5,3.4274,0.033699731311321535,0.033699731311321535
2021-10-08,6013.0,6425.0,6013.0,6438.0,788452.0,6570.0,-6.2378,-0.06440839627084559,-0.05225797006386153
2021-10-11,6013.0,6425.0,6013.0,6438.0,788452.0,6570.0,0.0,0.0,0.0
2021-10-12,5725.0,5963.0,5700.0,5988.0,658004.0,6250.0,-4.7817,-0.04899803577323687,-0.04899803577323687
2021-10-13,6000.0,5675.0,5600.0,6425.0,1132744.0,6070.0,4.8035,0.04691698228774975,0.04691698228774975
2021-10-14,6550.0,6075.0,6075.0,6763.0,1766148.0,6140.0,9.1667,0.08770588576257032,0.05621302265404984
2021-10-15,6525.0,6675.0,6300.0,6713.0,621352.0,6162.5,-0.3817,-0.00382430333497653,-0.00382430333497653
2021-10-18,6550.0,6525.0,6250.0,6588.0,407784.0,6270.0,0.3831,0.00382368040778247,0.00382368040778247
2021-10-19,6650.0,6488.0,6325.0,6700.0,688692.0,6455.0,1.5267,0.015151632088256362,0.015151632088256362
2021-10-20,6500.0,6650.0,6450.0,6675.0,439120.0,6555.0,-2.2556,-0.022814277766251365,-0.022814277766251365
2021-10-21,6213.0,6500.0,6200.0,6500.0,476688.0,6487.5,-4.4231,-0.04523902692756564,-0.04523902692756564
2021-10-22,6338.0,6213.0,6138.0,6463.0,429760.0,6450.0,2.0121,0.019921247711480506,0.019921247711480506
2021-10-25,6275.0,6250.0,6213.0,6375.0,199220.0,6395.0,-0.9862,-0.009910951628539964,-0.009910951628539964
2021-10-26,6288.0,6250.0,6213.0,6475.0,290960.0,6322.5,0.1992,0.0019900185988643696,0.0019900185988643696
2021-10-27,6275.0,6225.0,6150.0,6388.0,584812.0,6277.5,-0.1988,-0.0019899786948651614,-0.0019899786948651614
2021-10-28,6475.0,6250.0,6213.0,6550.0,511576.0,6330.0,3.1873,0.03137559747111604,0.03137559747111604
2021-10-29,6425.0,6475.0,6350.0,6500.0,266728.0,6347.5,-0.7722,-0.0077519690222168204,-0.0077519690222168204
2021-11-01,6725.0,6475.0,6438.0,6850.0,764824.0,6437.5,4.6693,0.04563567017123293,0.04563567017123293
2021-11-02,6863.0,6888.0,6700.0,7025.0,822532.0,6552.5,2.0446,0.020239786630073208,0.020239786630073208
2021-11-03,6725.0,6763.0,6663.0,6863.0,370364.0,6642.5,-2.0036,-0.020239442686132446,-0.020239442686132446
2021-11-04,6650.0,6750.0,6488.0,6788.0,464924.0,6677.5,-1.1152,-0.011214649767597147,-0.011214649767597147
2021-11-05,6375.0,6588.0,6313.0,6625.0,506704.0,6667.5,-4.1353,-0.0422323636233529,-0.0422323636233529
2021-11-08,6050.0,6250.0,5963.0,6300.0,563260.0,6532.5,-5.098,-0.05232540577868466,-0.05225797006386153
2021-11-09,6038.0,6063.0,6013.0,6175.0,206560.0,6367.5,-0.2066,-0.0020681371220367677,-0.0020681371220367677
2021-11-10,5925.0,6025.0,5800.0,6025.0,451256.0,6207.5,-1.8634,-0.01880980031203629,-0.01880980031203629
2021-11-11,5863.0,5875.0,5800.0,6000.0,369104.0,6050.0,-1.0549,-0.010605035125245885,-0.010605035125245885
2021-11-12,5925.0,5863.0,5863.0,6013.0,296400.0,5960.0,1.0661,0.010604572236138754,0.010604572236138754
2021-11-15,5900.0,5950.0,5863.0,6050.0,265456.0,5930.0,-0.4219,-0.004227925092656404,-0.004227925092656404
2021-11-16,5725.0,5863.0,5700.0,5900.0,436592.0,5867.5,-2.9661,-0.030109784004121714,-0.030109784004121714
2021-11-17,6075.0,5763.0,5650.0,6338.0,1115324.0,5897.5,6.1135,0.05933908999200889,0.05621302265404984
2021-11-18,5875.0,6063.0,5863.0,6063.0,326096.0,5900.0,-3.2922,-0.033476124941089515,-0.033476124941089515
2021-11-19,5775.0,5850.0,5725.0,5913.0,327928.0,5870.0,-1.7021,-0.017167522237123575,-0.017167522237123575
2021-11-22,5625.0,5775.0,5575.0,5775.0,334652.0,5815.0,-2.5974,-0.026317281650707153,-0.026317281650707153
2021-11-23,5475.0,5625.0,5475.0,5713.0,334532.0,5765.0,-2.6667,-0.027029014853731374,-0.027029014853731374
2021-11-24,5538.0,5550.0,5425.0,5563.0,229164.0,5657.5,1.1416,0.011351329194538741,0.011351329194538741
2021-11-25,5488.0,5563.0,5475.0,5738.0,384708.0,5580.0,-0.9029,-0.009070008450662788,-0.009070008450662788
2021-11-26,5525.0,5563.0,5463.0,5688.0,280204.0,5530.0,0.6834,0.006810754070359454,0.006810754070359454
2021-11-29,5500.0,5400.0,5375.0,5625.0,361384.0,5505.0,-0.4525,-0.004535268801761373,-0.004535268801761373
2021-11-30,5113.0,5625.0,5113.0,5625.0,573448.0,5432.5,-7.0455,-0.0730600598671796,-0.05225797006386153
2021-12-01,5250.0,5113.0,5088.0,5325.0,283396.0,5375.0,2.6895,0.026539686186984518,0.026539686186984518
2021-12-02,5463.0,5125.0,5100.0,5463.0,307668.0,5370.0,4.0476,0.039678300751797804,0.039678300751797804
2021-12-03,5938.0,5600.0,5600.0,6413.0,3441516.0,5452.5,8.6957,0.08338204893895422,0.05621302265404984
2021-12-06,6175.0,5963.0,5813.0,6338.0,1197520.0,5587.5,4.0,0.03922071315328133,0.03922071315328133
2021-12-07,6163.0,6150.0,6075.0,6400.0,716404.0,5797.5,-0.2024,-0.002026051056025589,-0.002026051056025589
2021-12-08,6275.0,6138.0,6050.0,6288.0,594264.0,6002.5,1.8256,0.01809135999158278,0.01809135999158278
2021-12-09,6288.0,6213.0,6188.0,6438.0,634544.0,6167.5,0.1992,0.0019900185988643696,0.0019900185988643696
2021-12-10,6350.0,6250.0,6250.0,6688.0,1126984.0,6250.0,0.994,0.009890923147971308,0.009890923147971308
2021-12-13,6125.0,6413.0,6100.0,6425.0,498032.0,6240.0,-3.5433,-0.03607598300442459,-0.03607598300442459
2021-12-14,6188.0,6075.0,6025.0,6263.0,398732.0,6245.0,1.0204,0.010152290655934036,0.010152290655934036
2021-12-15,6725.0,6188.0,6088.0,6875.0,2598352.0,6335.0,8.6869,0.08330108569714191,0.05621302265404984
2021-12-16,6313.0,6688.0,6288.0,6688.0,1150728.0,6340.0,-6.1338,-0.06329982197558122,-0.05225797006386153
2021-12-17,6488.0,6250.0,6163.0,6625.0,1138120.0,6367.5,2.7723,0.027345675470465673,0.027345675470465673
2021-12-20,6550.0,6538.0,6525.0,6850.0,1295116.0,6452.5,0.9634,0.009587888941409134,0.009587888941409134
2021-12-21,6563.0,6575.0,6100.0,6638.0,881496.0,6527.5,0.1908,0.0019061820800269295,0.0019061820800269295
2021-12-22,6550.0,6613.0,6450.0,6638.0,479380.0,6492.5,-0.1905,-0.0019068168202284019,-0.0019068168202284019
2021-12-23,6538.0,6600.0,6413.0,6625.0,537360.0,6537.5,-0.1908,-0.0019098225506534348,-0.0019098225506534348
2021-12-24,6463.0,6563.0,6450.0,6738.0,556284.0,6532.5,-1.1472,-0.01153831102655194,-0.01153831102655194
2021-12-27,6600.0,6375.0,6375.0,6688.0,1454732.0,6542.5,2.1277,0.021053805031087326,0.021053805031087326
2021-12-28,6750.0,6663.0,6550.0,6950.0,1450400.0,6580.0,2.2727,0.022472589185356315,0.022472589185356315
2021-12-29,6875.0,6888.0,6750.0,7038.0,1222700.0,6645.0,1.8519,0.01834961139535748,0.01834961139535748
2021-12-30,6875.0,6900.0,6775.0,7000.0,598816.0,6712.5,0.0,0.0,0.0
2021-12-31,6875.0,6900.0,6775.0,7000.0,598816.0,6712.5,0.0,0.0,0.0
2022-01-03,6788.0,6813.0,6725.0,6850.0,379524.0,6777.5,-1.2727,-0.012808682049525441,-0.012808682049525441
2022-01-04,6575.0,6788.0,6525.0,6788.0,570412.0,6772.5,-3.1308,-0.03180857107466017,-0.03180857107466017
2022-01-05,6313.0,6600.0,6300.0,6625.0,560284.0,6685.0,-3.9924,-0.0407428309871036,-0.0407428309871036
2022-01-06,6213.0,6125.0,6113.0,6338.0,528688.0,6552.5,-1.5842,-0.01596882571403166,-0.01596882571403166
2022-01-07,6413.0,6250.0,6225.0,6450.0,259120.0,6460.0,3.2193,0.0316856650780275,0.0316856650780275
2022-01-10,6188.0,6500.0,6138.0,6500.0,367200.0,6340.0,-3.5088,-0.035718373511212466,-0.035718373511212466
2022-01-11,6425.0,6225.0,6125.0,6438.0,465016.0,6310.0,3.8384,0.03766565852848602,0.03766565852848602
2022-01-12,6450.0,6438.0,6250.0,6463.0,265096.0,6337.5,0.3891,0.0038834496387995456,0.0038834496387995456
2022-01-13,6263.0,6475.0,6200.0,6475.0,310904.0,6347.5,-2.907,-0.029500903917684746,-0.029500903917684746
2022-01-14,6100.0,6213.0,5988.0,6225.0,339776.0,6285.0,-2.5948,-0.02629058867434622,-0.02629058867434622
2022-01-17,5750.0,6100.0,5750.0,6100.0,500008.0,6197.5,-5.7377,-0.059088864196094826,-0.05225797006386153
2022-01-18,5625.0,5738.0,5625.0,5925.0,244064.0,6037.5,-2.1739,-0.02197877338545075,-0.02197877338545075
2022-01-19,5613.0,5525.0,5413.0,5713.0,340892.0,5870.0,-0.2222,-0.002224472304986675,-0.002224472304986675
2022-01-20,5913.0,5625.0,5625.0,5913.0,227132.0,5800.0,5.3452,0.052072390813097634,0.052072390813097634
2022-01-21,6063.0,5875.0,5800.0,6175.0,426200.0,5792.5,2.537,0.025053523064106614,0.025053523064106614
2022-01-24,5838.0,6063.0,5688.0,6063.0,276564.0,5810.0,-3.7113,-0.037819215709786504,-0.037819215709786504
2022-01-25,5613.0,5838.0,5525.0,5963.0,274828.0,5807.5,-3.8544,-0.039306476830880385,-0.039306476830880385
2022-01-26,5613.0,5613.0,5550.0,5800.0,175216.0,5807.5,0.0,0.0,0.0
2022-01-27,5400.0,5613.0,5363.0,5688.0,320892.0,5705.0,-3.7862,-0.038597387461110765,-0.038597387461110765
2022-01-28,5288.0,5350.0,5088.0,5463.0,448504.0,5550.0,-2.0833,-0.021053068772358362,-0.021053068772358362
2022-01-31,5288.0,5350.0,5088.0,5463.0,448504.0,5550.0,0.0,0.0,0.0
2022-02-01,5288.0,5350.0,5088.0,5463.0,448504.0,5550.0,0.0,0.0,0.0
2022-02-02,5288.0,5350.0,5088.0,5463.0,448504.0,5550.0,0.0,0.0,0.0
2022-02-03,5338.0,5475.0,5288.0,5475.0,186280.0,5450.0,0.9456,0.009411571887230127,0.009411571887230127
2022-02-04,5413.0,5300.0,5125.0,5450.0,240432.0,5410.0,1.4052,0.013954185905393988,0.013954185905393988
2022-02-07,5500.0,5375.0,5350.0,5575.0,213168.0,5387.5,1.6166,0.016036721637051193,0.016036721637051193
2022-02-08,5375.0,5425.0,5363.0,5500.0,351412.0,5382.5,-2.2727,-0.02298923915497029,-0.02298923915497029
2022-02-09,5875.0,5413.0,5413.0,5938.0,544056.0,5500.0,9.3023,0.08894725197391566,0.05621302265404984
2022-02-10,5788.0,5788.0,5713.0,5963.0,315284.0,5590.0,-1.4894,-0.015006029386844217,-0.015006029386844217
2022-02-11,5663.0,5738.0,5650.0,5950.0,242712.0,5640.0,-2.1598,-0.02183465045754338,-0.02183465045754338
2022-02-14,5363.0,5600.0,5363.0,5613.0,321912.0,5612.5,-5.298,-0.054435066694887,-0.05225797006386153
2022-02-15,5150.0,5288.0,5113.0,5413.0,324412.0,5567.5,-3.9627,-0.04043352831635548,-0.04043352831635548
2022-02-16,5613.0,5238.0,5238.0,5825.0,623048.0,5515.0,8.9806,0.08599969874906253,0.05621302265404984
2022-02-17,5688.0,5675.0,5500.0,5863.0,568636.0,5495.0,1.3363,0.013274502637267156,0.013274502637267156
2022-02-18,6100.0,5738.0,5700.0,6250.0,1557556.0,5582.5,7.2527,0.07001754632832922,0.05621302265404984
2022-02-21,6375.0,6275.0,6113.0,6388.0,1549668.0,5785.0,4.5082,0.04409535123777287,0.04409535123777287
2022-02-22,6413.0,6263.0,6200.0,6500.0,1156876.0,6037.5,0.5882,0.005864768575143482,0.005864768575143482
2022-02-23,6263.0,6413.0,6138.0,6438.0,661528.0,6167.5,-2.3392,-0.023669935702689528,-0.023669935702689528
2022-02-24,6475.0,6300.0,6200.0,6675.0,2190980.0,6325.0,3.3932,0.03336900990047844,0.03336900990047844
2022-02-25,6713.0,6513.0,6500.0,6813.0,1403052.0,6447.5,3.668,0.0360232991766561,0.0360232991766561
2022-02-28,6525.0,6675.0,6425.0,6788.0,727704.0,6477.5,-2.7933,-0.02833054685611182,-0.02833054685611182
2022-03-01,6525.0,6675.0,6425.0,6788.0,727704.0,6477.5,0.0,0.0,0.0
2022-03-02,6375.0,6488.0,6250.0,6488.0,551376.0,6470.0,-2.2989,-0.023257368046748203,-0.023257368046748203
2022-03-03,6425.0,6375.0,6375.0,6575.0,387984.0,6502.5,0.7843,0.007812403550013994,0.007812403550013994
2022-03-04,6775.0,6413.0,6250.0,6925.0,1697412.0,6562.5,5.4475,0.053043012737210384,0.053043012737210384
2022-03-07,6375.0,6638.0,6250.0,6763.0,1144544.0,6495.0,-5.9041,-0.06085571101548715,-0.05225797006386153
2022-03-08,6350.0,6225.0,6175.0,6500.0,485348.0,6460.0,-0.3922,-0.003929711210849462,-0.003929711210849462
2022-03-09,6350.0,6225.0,6175.0,6500.0,485348.0,6460.0,0.0,0.0,0.0
2022-03-10,6600.0,6450.0,6425.0,6725.0,688532.0,6505.0,3.937,0.03861476037020086,0.03861476037020086
2022-03-11,6588.0,6550.0,6463.0,6650.0,310740.0,6537.5,-0.1894,-0.0018957958859635604,-0.0018957958859635604
2022-03-14,6250.0,6588.0,6225.0,6588.0,619796.0,6432.5,-5.1233,-0.05259203211925792,-0.05225797006386153
2022-03-15,6525.0,6300.0,6188.0,6650.0,824800.0,6462.5,4.4,0.04305948946044701,0.04305948946044701
2022-03-16,6675.0,6613.0,6450.0,6675.0,458368.0,6527.5,2.2989,0.02272873422350675,0.02272873422350675
2022-03-17,6663.0,6675.0,6575.0,6925.0,1142816.0,6540.0,-0.1873,-0.0018747562578232456,-0.0018747562578232456
2022-03-18,6788.0,6700.0,6525.0,6900.0,1060936.0,6580.0,1.8762,0.018588164644666116,0.018588164644666116
2022-03-21,6563.0,6775.0,6538.0,6788.0,578548.0,6642.5,-3.3149,-0.033710880199470224,-0.033710880199470224
2022-03-22,6500.0,6563.0,6413.0,6600.0,502012.0,6637.5,-0.9524,-0.009569643323861482,-0.009569643323861482
2022-03-23,6738.0,6538.0,6500.0,7138.0,3375304.0,6650.0,3.6538,0.035886314064408245,0.035886314064408245
2022-03-24,7113.0,6700.0,6688.0,7238.0,2344832.0,6740.0,5.5659,0.054165216468589385,0.054165216468589385
2022-03-25,7000.0,7113.0,6888.0,7188.0,1025432.0,6782.5,-1.5817,-0.015943423611447405,-0.015943423611447405
2022-03-28,6875.0,7000.0,6850.0,7100.0,726676.0,6845.0,-1.7857,-0.01801836004814345,-0.01801836004814345
2022-03-29,7175.0,6913.0,6725.0,7175.0,1331404.0,6980.0,4.3636,0.04271076966093337,0.04271076966093337
2022-03-30,7425.0,7225.0,7063.0,7513.0,1949936.0,7117.5,3.4843,0.034249724389860084,0.034249724389860084
2022-03-31,7363.0,7550.0,7300.0,7713.0,2231456.0,7167.5,-0.8418,-0.008453631466698973,-0.008453631466698973
2022-04-01,7525.0,7400.0,7300.0,7663.0,1044808.0,7272.5,2.2071,0.021830960992737257,0.021830960992737257
2022-04-04,7438.0,7525.0,7338.0,7625.0,746676.0,7385.0,-1.1628,-0.011696133880842736,-0.011696133880842736
2022-04-05,7438.0,7475.0,7350.0,7563.0,323896.0,7437.5,0.0,0.0,0.0
2022-04-06,7313.0,7425.0,7288.0,7513.0,659304.0,7415.0,-1.6807,-0.01694984036509511,-0.01694984036509511
2022-04-07,7125.0,7313.0,7013.0,7313.0,982948.0,7367.5,-2.5641,-0.025975460087471557,-0.025975460087471557
2022-04-08,7338.0,7163.0,6988.0,7400.0,736608.0,7330.0,2.9825,0.029388884893788103,0.029388884893788103
2022-04-11,7625.0,7325.0,7213.0,7725.0,1531212.0,7367.5,3.9182,0.038433865208075964,0.038433865208075964
2022-04-12,7663.0,7563.0,7413.0,7675.0,740496.0,7412.5,0.4918,0.004905946142426506,0.004905946142426506
2022-04-13,7650.0,7663.0,7575.0,7738.0,606232.0,7480.0,-0.1631,-0.0016323315285123384,-0.0016323315285123384
2022-04-14,7400.0,7700.0,7388.0,7750.0,720432.0,7535.0,-3.268,-0.033225917898627236,-0.033225917898627236
2022-04-15,7550.0,7363.0,7275.0,7588.0,477256.0,7577.5,2.027,0.020067298150111938,0.020067298150111938
2022-04-18,7575.0,7663.0,7463.0,7688.0,456012.0,7567.5,0.3311,0.0033055307087238596,0.0033055307087238596
2022-04-19,7500.0,7625.0,7475.0,7713.0,462940.0,7535.0,-0.9901,-0.009950340853168182,-0.009950340853168182
2022-04-20,7500.0,7500.0,7425.0,7600.0,325992.0,7505.0,0.0,0.0,0.0
2022-04-21,7413.0,7513.0,7388.0,7525.0,295660.0,7507.5,-1.1667,-0.011735593486605935,-0.011735593486605935
2022-04-22,7238.0,7300.0,7100.0,7388.0,705828.0,7445.0,-2.3609,-0.023892158039611387,-0.023892158039611387
2022-04-25,6800.0,7075.0,6775.0,7088.0,1119464.0,7290.0,-6.0449,-0.06235317740823048,-0.05225797006386153
2022-04-26,6825.0,6900.0,6788.0,6950.0,318096.0,7155.0,0.3676,0.003669260024383646,0.003669260024383646
2022-04-27,6875.0,6513.0,6500.0,6988.0,552636.0,7030.0,0.7326,0.007299295208884206,0.007299295208884206
2022-04-28,6813.0,6900.0,6725.0,6900.0,174672.0,6910.0,-0.9091,-0.009132575306395963,-0.009132575306395963
2022-04-29,7050.0,6875.0,6850.0,7113.0,371036.0,6872.5,3.4862,0.03426808449431992,0.03426808449431992
2022-05-02,6900.0,6975.0,6875.0,7025.0,185240.0,6892.5,-2.1277,-0.02150661826452714,-0.02150661826452714
2022-05-03,6750.0,6888.0,6750.0,6963.0,298004.0,6877.5,-2.1739,-0.02197877338545075,-0.02197877338545075
2022-05-04,6725.0,6863.0,6688.0,6863.0,264088.0,6847.5,-0.3704,-0.0037108767943494323,-0.0037108767943494323
2022-05-05,6725.0,6863.0,6688.0,6863.0,264088.0,6847.5,0.0,0.0,0.0
2022-05-06,6725.0,6688.0,6525.0,6725.0,253224.0,6830.0,0.0,0.0,0.0
2022-05-09,6350.0,7125.0,6338.0,7125.0,606896.0,6690.0,-5.5762,-0.05737702596913302,-0.05225797006386153
2022-05-10,6200.0,6250.0,5950.0,6250.0,692740.0,6550.0,-2.3622,-0.023905472466458837,-0.023905472466458837
2022-05-11,6138.0,6225.0,6100.0,6363.0,352264.0,6427.5,-1.0081,-0.010132157382609648,-0.010132157382609648
2022-05-12,5825.0,6063.0,5775.0,6188.0,578156.0,6247.5,-5.0916,-0.05225797006386153,-0.05225797006386153
2022-05-13,6075.0,5825.0,5825.0,6075.0,375364.0,6117.5,4.2918,0.04202255356076099,0.04202255356076099
2022-05-16,6163.0,6138.0,6063.0,6388.0,410004.0,6080.0,1.4403,0.014300262109700443,0.014300262109700443
2022-05-17,6238.0,6163.0,6125.0,6313.0,178484.0,6087.5,1.217,0.012096540947233036,0.012096540947233036
2022-05-18,6163.0,6275.0,6163.0,6375.0,184808.0,6092.5,-1.2024,-0.012096873027288195,-0.012096873027288195
2022-05-19,6063.0,5950.0,5938.0,6238.0,328212.0,6140.0,-1.6227,-0.0163600996000691,-0.0163600996000691
2022-05-20,6075.0,6063.0,6038.0,6200.0,260808.0,6140.0,0.2062,0.002059876995922016,0.002059876995922016
2022-05-23,6175.0,6088.0,5975.0,6325.0,300888.0,6142.5,1.6461,0.01632698640483337,0.01632698640483337
2022-05-24,6013.0,6225.0,6013.0,6225.0,164392.0,6097.5,-2.6316,-0.026668463298400922,-0.026668463298400922
2022-05-25,6175.0,6038.0,6000.0,6213.0,177224.0,6100.0,2.7027,0.02666822076637142,0.02666822076637142
2022-05-26,6550.0,6213.0,6200.0,6625.0,808392.0,6197.5,6.0729,0.05895640759110605,0.05621302265404984
2022-05-27,6688.0,6675.0,6638.0,6938.0,1030756.0,6320.0,2.0992,0.020774703696395218,0.020774703696395218
2022-05-30,6613.0,6813.0,6600.0,6813.0,263584.0,6407.5,-1.1215,-0.011278362296687463,-0.011278362296687463
2022-05-31,6850.0,6688.0,6550.0,6950.0,606740.0,6575.0,3.5917,0.03528702479773093,0.03528702479773093
2022-06-01,6850.0,6688.0,6550.0,6950.0,606740.0,6575.0,0.0,0.0,0.0
2022-06-02,6850.0,6913.0,6800.0,6975.0,242888.0,6710.0,0.0,0.0,0.0
2022-06-03,6838.0,6875.0,6750.0,6925.0,178908.0,6767.5,-0.1825,-0.0018266673414074946,-0.0018266673414074946
2022-06-06,6838.0,6875.0,6750.0,6925.0,178908.0,6767.5,0.0,0.0,0.0
2022-06-07,6675.0,6863.0,6625.0,6863.0,209752.0,6765.0,-2.3766,-0.02405296720710468,-0.02405296720710468
2022-06-08,6700.0,6738.0,6625.0,6763.0,137204.0,6782.5,0.3745,0.003738004946377857,0.003738004946377857
2022-06-09,6738.0,6638.0,6500.0,6863.0,183496.0,6760.0,0.5597,0.005581394995894573,0.005581394995894573
2022-06-10,6550.0,6713.0,6538.0,6713.0,124612.0,6700.0,-2.7829,-0.028223564068923023,-0.028223564068923023
2022-06-13,6250.0,6375.0,6213.0,6463.0,496160.0,6582.5,-4.5802,-0.04688408189897344,-0.04688408189897344
2022-06-14,6250.0,6025.0,6025.0,6338.0,548756.0,6497.5,0.0,0.0,0.0
2022-06-15,6550.0,6425.0,6350.0,6900.0,2266316.0,6467.5,4.8,0.04688358589885046,0.04688358589885046
2022-06-16,7075.0,6675.0,6450.0,7313.0,2777804.0,6535.0,8.0153,0.07710269776902032,0.05621302265404984
2022-06-17,6750.0,6913.0,6638.0,7038.0,1107080.0,6575.0,-4.5936,-0.047024523830134064,-0.047024523830134064
2022-06-20,6675.0,6813.0,6363.0,7188.0,1969740.0,6660.0,-1.1111,-0.011173188238580961,-0.011173188238580961
2022-06-21,6625.0,6800.0,6463.0,6900.0,742312.0,6735.0,-0.7491,-0.007519198451830187,-0.007519198451830187
2022-06-22,6475.0,6713.0,6313.0,7050.0,2067880.0,6720.0,-2.2642,-0.02290226621731241,-0.02290226621731241
2022-06-23,6688.0,6563.0,6425.0,6863.0,1508256.0,6642.5,3.2819,0.03229195697286972,0.03229195697286972
2022-06-24,6750.0,6788.0,6713.0,6925.0,995616.0,6642.5,0.9346,0.009302596365996552,0.009302596365996552
2022-06-27,6625.0,6863.0,6500.0,6863.0,921084.0,6632.5,-1.8519,-0.018692623578310565,-0.018692623578310565
2022-06-28,6400.0,6588.0,6325.0,6663.0,827936.0,6587.5,-3.3962,-0.03455210806919717,-0.03455210806919717
2022-06-29,6500.0,6300.0,6275.0,6538.0,353152.0,6592.5,1.5625,0.015504186535965254,0.015504186535965254
2022-06-30,6125.0,6475.0,5938.0,6475.0,1229076.0,6480.0,-5.7692,-0.05942309394024178,-0.05225797006386153
2022-07-01,6125.0,6088.0,6063.0,6375.0,711636.0,6355.0,0.0,0.0,0.0
2022-07-04,6400.0,6188.0,6113.0,6438.0,897268.0,6310.0,4.4898,0.04391927299733483,0.04391927299733483
2022-07-05,6825.0,6500.0,6375.0,6825.0,1186896.0,6395.0,6.6406,0.06429411627313532,0.05621302265404984
2022-07-06,6688.0,6800.0,6663.0,6988.0,1070388.0,6432.5,-2.0147,-0.020352718568644602,-0.020352718568644602
2022-07-07,7113.0,6825.0,6700.0,7263.0,2412704.0,6630.0,6.3551,0.061613309374365384,0.05621302265404984
2022-07-08,7625.0,7188.0,7063.0,7688.0,2579412.0,6930.0,7.2056,0.06957830009018139,0.05621302265404984
2022-07-11,7500.0,7650.0,7425.0,7850.0,1739496.0,7150.0,-1.6393,-0.016528851951311804,-0.016528851951311804
2022-07-12,7413.0,7550.0,7263.0,8213.0,5357144.0,7267.5,-1.1667,-0.011735593486605935,-0.011735593486605935
2022-07-13,7650.0,7538.0,7463.0,7875.0,1931456.0,7460.0,3.204,0.03153742599815616,0.03153742599815616
2022-07-14,8125.0,7663.0,7613.0,8225.0,3321196.0,7662.5,6.2092,0.06024054806955507,0.05621302265404984
2022-07-15,7288.0,8200.0,7150.0,8200.0,3243884.0,7595.0,-10.3077,-0.10878526230248738,-0.05225797006386153
2022-07-18,7138.0,7338.0,7025.0,7350.0,1709600.0,7522.5,-2.0583,-0.02079778229870423,-0.02079778229870423
2022-07-19,7350.0,7125.0,7063.0,7488.0,1241664.0,7510.0,2.9772,0.029337418514674345,0.029337418514674345
2022-07-20,7775.0,7425.0,7300.0,7888.0,2514192.0,7535.0,5.7823,0.05621302265404984,0.05621302265404984
2022-07-21,7913.0,7788.0,7600.0,7938.0,1062468.0,7492.5,1.7685,0.017530439989508748,0.017530439989508748
2022-07-22,7550.0,7825.0,7425.0,7900.0,1613348.0,7545.0,-4.5814,-0.046896657984289776,-0.046896657984289776
2022-07-25,7588.0,7475.0,7300.0,7725.0,820672.0,7635.0,0.4967,0.0049547051510361265,0.0049547051510361265
2022-07-26,7700.0,7650.0,7400.0,7763.0,840448.0,7705.0,1.4827,0.014718154616878424,0.014718154616878424
2022-07-27,7663.0,7725.0,7500.0,7763.0,767088.0,7682.5,-0.487,-0.00488189709160731,-0.00488189709160731
2022-07-28,8138.0,7750.0,7663.0,8363.0,4590724.0,7727.5,6.199,0.060144506579557555,0.05621302265404984
2022-07-29,7900.0,8225.0,7763.0,8825.0,10924180.0,7797.5,-2.9186,-0.029620384137670493,-0.029620384137670493
2022-08-01,7938.0,7963.0,7700.0,8150.0,1334852.0,7867.5,0.4747,0.004735768525348429,0.004735768525348429
2022-08-02,7963.0,7938.0,7850.0,8088.0,1132636.0,7920.0,0.315,0.0031450491440728496,0.0031450491440728496
2022-08-03,7813.0,7988.0,7613.0,8025.0,1543752.0,7950.0,-1.8838,-0.019017695435810045,-0.019017695435810045
2022-08-04,8000.0,7900.0,7863.0,8163.0,2190408.0,7922.5,2.4,0.023716526617316065,0.023716526617316065
2022-08-05,8400.0,8013.0,7950.0,8425.0,2125724.0,8022.5,5.0,0.04879016416943204,0.04879016416943204
2022-08-08,8563.0,8375.0,8150.0,8575.0,1761960.0,8147.5,1.9345,0.019160264162406078,0.019160264162406078
2022-08-09,8163.0,8488.0,8163.0,8563.0,1792724.0,8187.5,-4.6715,-0.047841364422300706,-0.047841364422300706
2022-08-10,7825.0,8050.0,7713.0,8088.0,1799368.0,8190.0,-4.1348,-0.04222714795276638,-0.04222714795276638
2022-08-11,7688.0,7938.0,7650.0,8000.0,928800.0,8127.5,-1.7572,-0.017728220366758272,-0.017728220366758272
2022-08-12,7825.0,7638.0,7588.0,7875.0,581536.0,8012.5,1.7886,0.017727927574715446,0.017727927574715446
2022-08-15,7825.0,7638.0,7588.0,7875.0,581536.0,8012.5,0.0,0.0,0.0
2022-08-16,7750.0,7888.0,7538.0,7888.0,1000708.0,7850.0,-0.9585,-0.009631231770696023,-0.009631231770696023
2022-08-17,8050.0,7750.0,7700.0,8138.0,1460824.0,7827.5,3.871,0.03797955862417438,0.03797955862417438
2022-08-18,7813.0,8013.0,7800.0,8113.0,757716.0,7825.0,-2.9503,-0.02994696756795798,-0.02994696756795798
2022-08-19,7813.0,7938.0,7763.0,8050.0,755364.0,7850.0,0.0,0.0,0.0
2022-08-22,7588.0,7650.0,7575.0,7763.0,526368.0,7802.5,-2.88,-0.029222858676903284,-0.029222858676903284
2022-08-23,7700.0,7588.0,7500.0,7900.0,873460.0,7792.5,1.4827,0.014718154616878424,0.014718154616878424
2022-08-24,7838.0,7738.0,7600.0,7850.0,518124.0,7750.0,1.7857,0.01769943674851389,0.01769943674851389
2022-08-25,7888.0,7825.0,7763.0,7988.0,589260.0,7765.0,0.638,0.006359733952581633,0.006359733952581633
2022-08-26,8000.0,7900.0,7888.0,8213.0,1082380.0,7802.5,1.4263,0.014162240375001602,0.014162240375001602
2022-08-29,7900.0,7638.0,7613.0,7913.0,547524.0,7865.0,-1.25,-0.012578782206860073,-0.012578782206860073
2022-08-30,8050.0,7850.0,7850.0,8075.0,453448.0,7935.0,1.8987,0.018808996553713323,0.018808996553713323
2022-08-31,8050.0,8000.0,7913.0,8188.0,684504.0,7977.5,0.0,0.0,0.0
2022-09-01,8038.0,7938.0,7925.0,8250.0,758416.0,8007.5,-0.1553,-0.001554207154469167,-0.001554207154469167
2022-09-02,8100.0,8050.0,8000.0,8275.0,1118636.0,8027.5,0.7776,0.007745922731938043,0.007745922731938043
2022-09-05,8113.0,8075.0,7975.0,8313.0,1345252.0,8070.0,0.1543,0.001541810798634711,0.001541810798634711
2022-09-06,8125.0,8150.0,8025.0,8238.0,569568.0,8085.0,0.1541,0.0015398138778864466,0.0015398138778864466
2022-09-07,7763.0,8088.0,7763.0,8163.0,892064.0,8027.5,-4.4615,-0.04564087837979549,-0.04564087837979549
2022-09-08,8125.0,7825.0,7750.0,8238.0,1266792.0,8045.0,4.6699,0.04564140249465823,0.04564140249465823
2022-09-09,8125.0,7825.0,7750.0,8238.0,1266792.0,8045.0,0.0,0.0,0.0
2022-09-12,8125.0,7825.0,7750.0,8238.0,1266792.0,8045.0,0.0,0.0,0.0
2022-09-13,8388.0,8250.0,8238.0,8525.0,1463732.0,8102.5,3.2308,0.031797072144547724,0.031797072144547724
2022-09-14,8200.0,8113.0,8075.0,8250.0,856972.0,8120.0,-2.2355,-0.022608660527641593,-0.022608660527641593
2022-09-15,8450.0,8263.0,8113.0,8713.0,1805984.0,8185.0,3.0488,0.03003247644796962,0.03003247644796962
2022-09-16,8625.0,8425.0,8375.0,8800.0,2876904.0,8357.5,2.071,0.020498463577324808,0.020498463577324808
2022-09-19,8088.0,8788.0,8088.0,8788.0,1711024.0,8350.0,-6.2319,-0.06434547310587492,-0.05225797006386153
2022-09-20,8138.0,8113.0,7838.0,8225.0,956716.0,8300.0,0.6182,0.0061629698274128595,0.0061629698274128595
2022-09-21,7988.0,8075.0,7888.0,8175.0,561716.0,8257.5,-1.8433,-0.018605004732459685,-0.018605004732459685
2022-09-22,7975.0,7875.0,7750.0,8050.0,572464.0,8162.5,-0.1565,-0.001566225891680636,-0.001566225891680636
2022-09-23,7625.0,7900.0,7550.0,8000.0,896864.0,7962.5,-4.3887,-0.04487917207908418,-0.04487917207908418
2022-09-26,7150.0,7463.0,6988.0,7625.0,1488728.0,7775.0,-6.2295,-0.06431987837497544,-0.05225797006386153
2022-09-27,7188.0,7163.0,6938.0,7238.0,628484.0,7585.0,0.5245,0.005231292895783714,0.005231292895783714
2022-09-28,7063.0,7163.0,6875.0,7425.0,1220476.0,7400.0,-1.7391,-0.017543999916444238,-0.017543999916444238
2022-09-29,6963.0,7250.0,6788.0,7363.0,686952.0,7197.5,-1.4159,-0.014260194989398317,-0.014260194989398317
2022-09-30,6988.0,6888.0,6788.0,7138.0,631404.0,7070.0,0.3591,0.0035845677536982612,0.0035845677536982612
2022-10-03,6988.0,6888.0,6788.0,7138.0,631404.0,7070.0,0.0,0.0,0.0
2022-10-04,7263.0,7113.0,7013.0,7263.0,364264.0,7092.5,3.9356,0.03860129058149358,0.03860129058149358
2022-10-05,7263.0,7350.0,7125.0,7388.0,575480.0,7107.5,0.0,0.0,0.0
2022-10-06,7563.0,7400.0,7325.0,7688.0,1237304.0,7207.5,4.1308,0.040477615228513224,0.040477615228513224
2022-10-07,7275.0,7475.0,7200.0,7475.0,758852.0,7270.0,-3.8017,-0.03875849999024515,-0.03875849999024515
2022-10-10,7275.0,7475.0,7200.0,7475.0,758852.0,7270.0,0.0,0.0,0.0
2022-10-11,6700.0,7063.0,6550.0,7075.0,996476.0,7212.5,-7.9038,-0.08233650307856964,-0.05225797006386153
2022-10-12,6500.0,6675.0,6450.0,6738.0,589480.0,7060.0,-2.9851,-0.030305611033824648,-0.030305611033824648
2022-10-13,6200.0,6550.0,6125.0,6550.0,831692.0,6847.5,-4.6154,-0.047253046140881175,-0.047253046140881175
2022-10-14,6588.0,6325.0,6325.0,6625.0,504040.0,6652.5,6.25,0.06062462181643484,0.05621302265404984
2022-10-17,6588.0,6400.0,6325.0,6613.0,394244.0,6515.0,0.0,0.0,0.0
2022-10-18,6700.0,6725.0,6638.0,6788.0,295620.0,6515.0,1.7078,0.016933810290614065,0.016933810290614065
2022-10-19,6475.0,6700.0,6425.0,6775.0,422348.0,6510.0,-3.3582,-0.03415882614723056,-0.03415882614723056
2022-10-20,6688.0,6588.0,6463.0,6725.0,346400.0,6607.5,3.2819,0.03229195697286972,0.03229195697286972
2022-10-21,6413.0,6675.0,6388.0,6725.0,392664.0,6572.5,-4.1121,-0.04199038515616962,-0.04199038515616962
2022-10-24,6350.0,6550.0,6263.0,6588.0,548940.0,6525.0,-0.9747,-0.00979481294670456,-0.00979481294670456
2022-10-25,5988.0,6350.0,5850.0,6350.0,1685604.0,6382.5,-5.7087,-0.05878125935345413,-0.05225797006386153
2022-10-26,6213.0,6038.0,5913.0,6225.0,801764.0,6330.0,3.7578,0.03688915101967886,0.03688915101967886
2022-10-27,6650.0,6238.0,6200.0,6775.0,1421808.0,6322.5,7.0423,0.06805389745544761,0.05621302265404984
2022-10-28,6600.0,6638.0,6550.0,6688.0,240684.0,6360.0,-0.7519,-0.00754741018085843,-0.00754741018085843
2022-10-31,6613.0,6638.0,6563.0,6788.0,393476.0,6412.5,0.1894,0.0018922086435295248,0.0018922086435295248
2022-11-01,6688.0,6550.0,6463.0,6738.0,449836.0,6552.5,1.1342,0.011278161766667346,0.011278161766667346
2022-11-02,7100.0,6663.0,6588.0,7188.0,1009344.0,6730.0,6.1682,0.05985444295187919,0.05621302265404984
2022-11-03,7175.0,7000.0,7000.0,7213.0,850820.0,6835.0,1.0563,0.010507601291724155,0.010507601291724155
2022-11-04,7525.0,7100.0,7100.0,7575.0,1086392.0,7020.0,4.878,0.047627583872867425,0.047627583872867425
2022-11-07,7775.0,7575.0,7525.0,7850.0,1067144.0,7252.5,3.3223,0.03268304292867248,0.03268304292867248
2022-11-08,7963.0,7938.0,7763.0,8063.0,1450652.0,7507.5,2.4116,0.023829801451479792,0.023829801451479792
2022-11-09,7100.0,8025.0,6975.0,8225.0,7047020.0,7507.5,-10.832,-0.1146479551609108,-0.05225797006386153
2022-11-10,7113.0,7213.0,7013.0,7300.0,1558056.0,7495.0,0.1761,0.001759451257457073,0.001759451257457073
2022-11-11,7225.0,7325.0,7175.0,7400.0,1235804.0,7435.0,1.5817,0.01569321482283899,0.01569321482283899
2022-11-14,7175.0,7350.0,7125.0,7350.0,1119728.0,7315.0,-0.692,-0.006944054234431602,-0.006944054234431602
2022-11-15,7238.0,7225.0,7138.0,7250.0,681260.0,7170.0,0.8711,0.008673278144601065,0.008673278144601065
2022-11-16,7175.0,7263.0,7125.0,7275.0,591044.0,7185.0,-0.8636,-0.008673506340627165,-0.008673506340627165
2022-11-17,7138.0,7163.0,7100.0,7300.0,537256.0,7190.0,-0.5226,-0.0052397033011510824,-0.0052397033011510824
2022-11-18,6975.0,7150.0,6963.0,7175.0,772136.0,7140.0,-2.2767,-0.02303017021377033,-0.02303017021377033
2022-11-21,7175.0,7025.0,6875.0,7188.0,873832.0,7140.0,2.8674,0.028270594216988364,0.028270594216988364
2022-11-22,7263.0,7250.0,7163.0,7488.0,2468344.0,7145.0,1.2195,0.012121240050409798,0.012121240050409798
2022-11-23,7890.0,9450.0,7540.0,9450.0,5517462.0,7288.0,8.6403,0.08287223923232583,0.05621302265404984
2022-11-24,7420.0,7880.0,7420.0,7880.0,982270.0,7344.5,-5.9569,-0.06141699816367214,-0.05225797006386153
2022-11-25,7310.0,7530.0,7310.0,7690.0,839342.0,7411.5,-1.4825,-0.014935988615981388,-0.014935988615981388
2022-11-28,7000.0,7330.0,7000.0,7370.0,346978.0,7376.5,-4.2408,-0.04333347899215088,-0.04333347899215088
2022-11-29,7150.0,6950.0,6850.0,7170.0,375497.0,7354.0,2.1429,0.02120262723093446,0.02120262723093446
2022-11-30,7100.0,7100.0,6980.0,7200.0,167968.0,7196.0,-0.6993,-0.007017565616393081,-0.007017565616393081
2022-12-01,7170.0,7190.0,7090.0,7250.0,161078.0,7146.0,0.9859,0.009810717147232204,0.009810717147232204
2022-12-02,7230.0,7180.0,7150.0,7450.0,265885.0,7130.0,0.8368,0.008333182388999945,0.008333182388999945
2022-12-05,7280.0,7260.0,7210.0,7440.0,202230.0,7186.0,0.6916,0.006892194169721577,0.006892194169721577
2022-12-06,7100.0,7200.0,7080.0,7220.0,102797.0,7176.0,-2.4725,-0.02503579647122369,-0.02503579647122369
2022-12-07,7110.0,6990.0,6970.0,7120.0,78615.0,7178.0,0.1408,0.0014070096974550777,0.0014070096974550777
2022-12-08,6980.0,7110.0,6960.0,7110.0,116130.0,7140.0,-1.8284,-0.018453218158352807,-0.018453218158352807
2022-12-09,7500.0,7260.0,7140.0,7580.0,797687.0,7194.0,7.4499,0.07185450643456934,0.05621302265404984
2022-12-12,7530.0,7630.0,7100.0,8180.0,2995264.0,7244.0,0.4,0.003992021269537457,0.003992021269537457
2022-12-13,7390.0,7570.0,7190.0,7570.0,474842.0,7302.0,-1.8592,-0.01876700373942386,-0.01876700373942386
2022-12-14,7150.0,6990.0,6970.0,7330.0,771856.0,7310.0,-3.2476,-0.03301504818431847,-0.03301504818431847
2022-12-15,7330.0,7150.0,7150.0,7480.0,874510.0,7380.0,2.5175,0.024863329724689274,0.024863329724689274
2022-12-16,7080.0,7060.0,7020.0,7180.0,1286780.0,7296.0,-3.4106,-0.034701181639350355,-0.034701181639350355
2022-12-19,6880.0,7080.0,6780.0,7080.0,965543.0,7166.0,-2.8249,-0.028655680179070785,-0.028655680179070785
2022-12-20,6630.0,6850.0,6570.0,6880.0,927936.0,7014.0,-3.6337,-0.03701363055293456,-0.03701363055293456
2022-12-21,6610.0,6700.0,6600.0,6730.0,630407.0,6906.0,-0.3017,-0.00302156031913172,-0.00302156031913172
2022-12-22,6820.0,6680.0,6610.0,6860.0,873230.0,6804.0,3.177,0.031275774003505126,0.031275774003505126
2022-12-23,6610.0,6730.0,6600.0,6740.0,918697.0,6710.0,-3.0792,-0.03127603584353937,-0.03127603584353937
2022-12-26,6570.0,6630.0,6550.0,6680.0,591327.0,6648.0,-0.6051,-0.00606938148893815,-0.00606938148893815
2022-12-27,6910.0,6580.0,6580.0,6930.0,1223705.0,6704.0,5.175,0.05045544348849318,0.05045544348849318
2022-12-28,7000.0,6870.0,6820.0,7130.0,1425970.0,6782.0,1.3025,0.012940904132800529,0.012940904132800529
2022-12-29,6940.0,7010.0,6880.0,7150.0,719986.0,6806.0,-0.8571,-0.008607942260036538,-0.008607942260036538
2022-12-30,6940.0,7010.0,6880.0,7150.0,719986.0,6806.0,0.0,0.0,0.0
2023-01-02,7100.0,7050.0,7040.0,7280.0,1208814.0,6904.0,2.3055,0.022793248965147703,0.022793248965147703
2023-01-03,7110.0,7100.0,6910.0,7220.0,759128.0,7012.0,0.1408,0.0014070096974550777,0.0014070096974550777
2023-01-04,7220.0,7080.0,7080.0,7300.0,767058.0,7074.0,1.5471,0.015352544269627184,0.015352544269627184
2023-01-05,7280.0,7240.0,7160.0,7320.0,594121.0,7130.0,0.831,0.00827566205108196,0.00827566205108196
2023-01-06,7230.0,7270.0,7110.0,7300.0,630309.0,7188.0,-0.6868,-0.006891693257847095,-0.006891693257847095
2023-01-09,7290.0,7300.0,7230.0,7440.0,718329.0,7226.0,0.8299,0.008264752648217952,0.008264752648217952
2023-01-10,7030.0,7350.0,6990.0,7390.0,1016698.0,7210.0,-3.5665,-0.036316534365892134,-0.036316534365892134
2023-01-11,7300.0,7110.0,7030.0,7300.0,774016.0,7226.0,3.8407,0.037687808085182906,0.037687808085182906
2023-01-12,7250.0,7310.0,7200.0,7320.0,362176.0,7220.0,-0.6849,-0.006872562046433041,-0.006872562046433041
2023-01-13,7140.0,7250.0,7120.0,7280.0,415727.0,7202.0,-1.5172,-0.015288272347111397,-0.015288272347111397
2023-01-16,7190.0,7160.0,7040.0,7290.0,827136.0,7182.0,0.7003,0.00697859287796584,0.00697859287796584
2023-01-17,7120.0,7190.0,7090.0,7240.0,397631.0,7200.0,-0.9736,-0.009783704736070573,-0.009783704736070573
2023-01-18,7400.0,7130.0,7070.0,7420.0,1067410.0,7220.0,3.9326,0.038572426137579545,0.038572426137579545
2023-01-19,7600.0,7350.0,7280.0,7630.0,1916265.0,7290.0,2.7027,0.02666822076637142,0.02666822076637142
2023-01-20,8050.0,7620.0,7500.0,8210.0,6905099.0,7472.0,5.9211,0.057524291343055464,0.05621302265404984
2023-01-23,8050.0,7620.0,7500.0,8210.0,6905099.0,7472.0,0.0,0.0,0.0
2023-01-24,8050.0,7620.0,7500.0,8210.0,6905099.0,7472.0,0.0,0.0,0.0
2023-01-25,8550.0,8100.0,8080.0,8730.0,5463162.0,7744.0,6.2112,0.06025937865268221,0.05621302265404984
2023-01-26,8270.0,8640.0,8150.0,8760.0,3458719.0,7974.0,-3.2749,-0.033297251543170904,-0.033297251543170904
2023-01-27,8180.0,8250.0,8080.0,8320.0,1634203.0,8130.0,-1.0883,-0.01094265304201453,-0.01094265304201453
2023-01-30,7880.0,8200.0,7760.0,8200.0,2218554.0,8186.0,-3.6675,-0.03736443710021601,-0.03736443710021601
2023-01-31,7860.0,7860.0,7680.0,7960.0,1390013.0,8148.0,-0.2538,-0.0025412261818558205,-0.0025412261818558205
2023-02-01,7880.0,7900.0,7710.0,8040.0,1346305.0,8014.0,0.2545,0.002541766971709573,0.002541766971709573
2023-02-02,8260.0,8020.0,7960.0,8360.0,2440173.0,8012.0,4.8223,0.04709634952260719,0.04709634952260719
2023-02-03,8070.0,8310.0,8000.0,8340.0,1157611.0,7990.0,-2.3002,-0.02327067402435641,-0.02327067402435641
2023-02-06,8100.0,8060.0,7940.0,8210.0,690049.0,8034.0,0.3717,0.0037101090260546277,0.0037101090260546277
2023-02-07,8050.0,8060.0,7970.0,8210.0,929070.0,8072.0,-0.6173,-0.006192131738617332,-0.006192131738617332
2023-02-08,8120.0,8060.0,7970.0,8230.0,920715.0,8120.0,0.8696,0.008658407570641371,0.008658407570641371
2023-02-09,8070.0,8070.0,7980.0,8170.0,676747.0,8082.0,-0.6158,-0.006177038682378822,-0.006177038682378822
2023-02-10,8390.0,8070.0,8000.0,8500.0,3335729.0,8146.0,3.9653,0.03888700363229844,0.03888700363229844
2023-02-13,8150.0,8430.0,8150.0,8530.0,1586652.0,8156.0,-2.8605,-0.029022096293951593,-0.029022096293951593
2023-02-14,8050.0,8180.0,7920.0,8200.0,1618061.0,8156.0,-1.227,-0.012345897934102512,-0.012345897934102512
2023-02-15,7500.0,8060.0,7410.0,8130.0,3020283.0,8032.0,-6.8323,-0.07076909088820747,-0.05225797006386153
2023-02-16,7560.0,7500.0,7380.0,7690.0,1330044.0,7930.0,0.8,0.007968169649176881,0.007968169649176881
2023-02-17,7580.0,7500.0,7500.0,7720.0,782186.0,7768.0,0.2646,0.0026425055049319156,0.0026425055049319156
2023-02-20,7720.0,7590.0,7510.0,7800.0,651172.0,7682.0,1.847,0.018301501169912554,0.018301501169912554
2023-02-21,7610.0,7720.0,7570.0,7760.0,552868.0,7594.0,-1.4249,-0.014351491768917037,-0.014351491768917037
2023-02-22,7470.0,7510.0,7430.0,7570.0,737485.0,7588.0,-1.8397,-0.018568329355386815,-0.018568329355386815
2023-02-23,7440.0,7510.0,7440.0,7620.0,584147.0,7564.0,-0.4016,-0.004024085783598509,-0.004024085783598509
2023-02-24,7400.0,7480.0,7260.0,7490.0,843699.0,7528.0,-0.5376,-0.005390502688990368,-0.005390502688990368
2023-02-27,7400.0,7300.0,7300.0,7470.0,574391.0,7464.0,0.0,0.0,0.0
2023-02-28,7460.0,7450.0,7400.0,7600.0,503509.0,7434.0,0.8108,0.008075306766933769,0.008075306766933769
2023-03-01,7460.0,7450.0,7400.0,7600.0,503509.0,7434.0,0.0,0.0,0.0
2023-03-02,7370.0,7470.0,7310.0,7610.0,965123.0,7414.0,-1.2064,-0.012137360660346139,-0.012137360660346139
2023-03-03,7420.0,7350.0,7190.0,7420.0,996840.0,7410.0,0.6784,0.006761092217902452,0.006761092217902452
2023-03-06,7380.0,7440.0,7310.0,7500.0,592790.0,7406.0,-0.5391,-0.005405583878574768,-0.005405583878574768
2023-03-07,7370.0,7430.0,7360.0,7640.0,986570.0,7400.0,-0.1355,-0.0013559188426149483,-0.0013559188426149483
2023-03-08,7180.0,7330.0,7170.0,7350.0,713314.0,7344.0,-2.578,-0.026118128155059032,-0.026118128155059032
2023-03-09,7130.0,7160.0,7030.0,7260.0,571788.0,7296.0,-0.6964,-0.006988361817681654,-0.006988361817681654
2023-03-10,6890.0,7000.0,6840.0,7040.0,812430.0,7190.0,-3.3661,-0.03424057465471902,-0.03424057465471902
2023-03-13,6840.0,6780.0,6660.0,6980.0,662601.0,7082.0,-0.7257,-0.00728346011625996,-0.00728346011625996
2023-03-14,6670.0,6860.0,6660.0,6930.0,770982.0,6942.0,-2.4854,-0.02516807560499855,-0.02516807560499855
2023-03-15,6840.0,6810.0,6810.0,7040.0,624251.0,6874.0,2.5487,0.02516762170689553,0.02516762170689553
2023-03-16,6760.0,6820.0,6650.0,6840.0,377676.0,6800.0,-1.1696,-0.011764936254147106,-0.011764936254147106
2023-03-17,6990.0,6850.0,6850.0,7130.0,660694.0,6820.0,3.4024,0.033457986648591724,0.033457986648591724
2023-03-20,7010.0,6990.0,6980.0,7110.0,416387.0,6854.0,0.2861,0.002856915128856172,0.002856915128856172
2023-03-21,6970.0,7090.0,6950.0,7190.0,498081.0,6914.0,-0.5706,-0.005722341410373711,-0.005722341410373711
2023-03-22,6950.0,7060.0,6860.0,7080.0,388836.0,6936.0,-0.2869,-0.002873123469210619,-0.002873123469210619
2023-03-23,6750.0,6900.0,6710.0,6930.0,824975.0,6934.0,-2.8777,-0.029199176914484832,-0.029199176914484832
2023-03-24,6880.0,6800.0,6750.0,6960.0,502089.0,6912.0,1.9259,0.019075892700316288,0.019075892700316288
2023-03-27,6790.0,6930.0,6700.0,6930.0,454673.0,6868.0,-1.3081,-0.01316730978562616,-0.01316730978562616
2023-03-28,6920.0,6850.0,6770.0,6960.0,512213.0,6858.0,1.9146,0.018965021700573292,0.018965021700573292
2023-03-29,6940.0,6920.0,6850.0,7090.0,555579.0,6856.0,0.289,0.0028858319784572217,0.0028858319784572217
2023-03-30,6970.0,7050.0,6850.0,7060.0,426628.0,6900.0,0.4323,0.004313682678369636,0.004313682678369636
2023-03-31,6870.0,6970.0,6830.0,6970.0,527959.0,6898.0,-1.4347,-0.014450913298020932,-0.014450913298020932
2023-04-03,6570.0,6800.0,6560.0,6820.0,1359366.0,6854.0,-4.3668,-0.04465014588386577,-0.04465014588386577
2023-04-04,6860.0,6590.0,6470.0,6870.0,1391109.0,6842.0,4.414,0.043193580086755404,0.043193580086755404
2023-04-05,6870.0,6870.0,6840.0,7050.0,1109275.0,6828.0,0.1458,0.0014569381499928613,0.0014569381499928613
2023-04-06,6760.0,6840.0,6670.0,6940.0,579937.0,6786.0,-1.6012,-0.016141577126195978,-0.016141577126195978
2023-04-07,6920.0,6820.0,6680.0,6950.0,568945.0,6796.0,2.3669,0.023393232175799323,0.023393232175799323
2023-04-10,6710.0,6940.0,6640.0,6950.0,727929.0,6824.0,-3.0347,-0.03081700344481261,-0.03081700344481261
2023-04-11,6860.0,6720.0,6640.0,6890.0,559864.0,6824.0,2.2355,0.022108789587977927,0.022108789587977927
2023-04-12,6910.0,6880.0,6740.0,6980.0,631014.0,6832.0,0.7289,0.007262563624929949,0.007262563624929949
2023-04-13,7000.0,6950.0,6840.0,7030.0,690024.0,6880.0,1.3025,0.012940904132800529,0.012940904132800529
2023-04-14,6940.0,7050.0,6920.0,7140.0,747256.0,6884.0,-0.8571,-0.008607942260036538,-0.008607942260036538
2023-04-17,6970.0,7000.0,6810.0,7030.0,473243.0,6936.0,0.4323,0.004313682678369636,0.004313682678369636
2023-04-18,7000.0,6970.0,6810.0,7070.0,593089.0,6964.0,0.4304,0.004294764282868074,0.004294764282868074
2023-04-19,6870.0,6980.0,6860.0,7030.0,623841.0,6956.0,-1.8571,-0.018745606139927977,-0.018745606139927977
2023-04-20,6720.0,6850.0,6690.0,6920.0,529418.0,6900.0,-2.1834,-0.02207588919920177,-0.02207588919920177
2023-04-21,6660.0,6730.0,6570.0,6770.0,565098.0,6844.0,-0.8929,-0.008969102415286303,-0.008969102415286303
2023-04-24,6630.0,6640.0,6550.0,6700.0,453623.0,6776.0,-0.4505,-0.004515178092207042,-0.004515178092207042
2023-04-25,6450.0,6630.0,6380.0,6640.0,619853.0,6666.0,-2.7149,-0.027524343157586385,-0.027524343157586385
2023-04-26,6450.0,6390.0,6300.0,6530.0,438670.0,6582.0,0.0,0.0,0.0
2023-04-27,6470.0,6400.0,6350.0,6480.0,262573.0,6532.0,0.3101,0.0030962018163858264,0.0030962018163858264
2023-04-28,6370.0,6520.0,6270.0,6550.0,450680.0,6474.0,-1.5456,-0.015576689164217313,-0.015576689164217313
2023-05-01,6370.0,6520.0,6270.0,6550.0,450680.0,6474.0,0.0,0.0,0.0
2023-05-02,6320.0,6300.0,6210.0,6380.0,326422.0,6412.0,-0.7849,-0.007879965539273743,-0.007879965539273743
2023-05-03,6250.0,6300.0,6210.0,6360.0,353912.0,6372.0,-1.1076,-0.01113779561045721,-0.01113779561045721
2023-05-04,6430.0,6270.0,6200.0,6440.0,348778.0,6368.0,2.88,0.02839307450121783,0.02839307450121783
2023-05-05,6430.0,6270.0,6200.0,6440.0,348778.0,6368.0,0.0,0.0,0.0
2023-05-08,6360.0,6490.0,6350.0,6490.0,239485.0,6346.0,-1.0886,-0.010945686054842635,-0.010945686054842635
2023-05-09,6330.0,6360.0,6260.0,6470.0,334437.0,6338.0,-0.4717,-0.00472816015329208,-0.00472816015329208
2023-05-10,6380.0,6310.0,6310.0,6530.0,325626.0,6350.0,0.7899,0.00786796621628226,0.00786796621628226
2023-05-11,6550.0,6420.0,6400.0,6650.0,533970.0,6410.0,2.6646,0.02629717824463493,0.02629717824463493
2023-05-12,6310.0,6540.0,6280.0,6550.0,456800.0,6386.0,-3.6641,-0.03732914330008739,-0.03732914330008739
2023-05-15,6140.0,6320.0,6070.0,6320.0,784105.0,6342.0,-2.6941,-0.027310561429970858,-0.027310561429970858
2023-05-16,6280.0,6210.0,6180.0,6340.0,512127.0,6332.0,2.2801,0.022544942142668473,0.022544942142668473
2023-05-17,6550.0,6240.0,6200.0,6550.0,587289.0,6366.0,4.2994,0.04209542336546378,0.04209542336546378
2023-05-18,6560.0,6610.0,6510.0,6620.0,310238.0,6368.0,0.1527,0.0015258353209925354,0.0015258353209925354
2023-05-19,6460.0,6540.0,6460.0,6590.0,315604.0,6398.0,-1.5244,-0.015361384232699565,-0.015361384232699565
2023-05-22,6500.0,6450.0,6440.0,6560.0,223807.0,6470.0,0.6192,0.006172908337848939,0.006172908337848939
2023-05-23,6560.0,6550.0,6490.0,6610.0,257779.0,6526.0,0.9231,0.00918865471291668,0.00918865471291668
2023-05-24,6640.0,6620.0,6560.0,6740.0,843063.0,6544.0,1.2195,0.012121240050409798,0.012121240050409798
2023-05-25,6580.0,6900.0,6570.0,6910.0,851383.0,6548.0,-0.9036,-0.009077072254470802,-0.009077072254470802
2023-05-26,6500.0,6600.0,6480.0,6640.0,346140.0,6556.0,-1.2158,-0.012232513051020558,-0.012232513051020558
2023-05-30,6440.0,6540.0,6440.0,6580.0,348536.0,6544.0,-0.9231,-0.009273869704610953,-0.009273869704610953
2023-05-31,6410.0,6420.0,6400.0,6480.0,222042.0,6514.0,-0.4658,-0.004668882288282651,-0.004668882288282651
2023-06-01,6590.0,6410.0,6400.0,6600.0,250269.0,6504.0,2.8081,0.02769395770322607,0.02769395770322607
2023-06-02,6570.0,6650.0,6540.0,6650.0,248240.0,6502.0,-0.3035,-0.0030396149524526007,-0.0030396149524526007
2023-06-05,6590.0,6590.0,6490.0,6590.0,232901.0,6520.0,0.3044,0.0030393764124241867,0.0030393764124241867
2023-06-06,6590.0,6590.0,6490.0,6590.0,232901.0,6520.0,0.0,0.0,0.0
2023-06-07,6600.0,6600.0,6560.0,6660.0,287451.0,6552.0,0.1517,0.0015158505178627503,0.0015158505178627503
2023-06-08,6440.0,6560.0,6430.0,6580.0,278987.0,6558.0,-2.4242,-0.024540674133603422,-0.024540674133603422
2023-06-09,6450.0,6440.0,6420.0,6580.0,414307.0,6530.0,0.1553,0.0015517953425606401,0.0015517953425606401
2023-06-12,6290.0,6470.0,6290.0,6470.0,463946.0,6474.0,-2.4806,-0.025118853418087818,-0.025118853418087818
2023-06-13,6280.0,6280.0,6280.0,6410.0,453096.0,6412.0,-0.159,-0.0015912653914928378,-0.0015912653914928378
2023-06-14,6210.0,6350.0,6180.0,6370.0,416379.0,6334.0,-1.1146,-0.011208582119387174,-0.011208582119387174
2023-06-15,6530.0,6270.0,6270.0,6580.0,929353.0,6352.0,5.153,0.05024624642409641,0.05024624642409641
2023-06-16,6600.0,6670.0,6500.0,6720.0,980370.0,6382.0,1.072,0.01066294816825327,0.01066294816825327
2023-06-19,6600.0,6600.0,6480.0,6740.0,408955.0,6444.0,0.0,0.0,0.0
2023-06-20,7370.0,6630.0,6600.0,7490.0,6999455.0,6662.0,11.6667,0.11034835567628358,0.05621302265404984
2023-06-21,7210.0,7250.0,7160.0,7430.0,1886641.0,6862.0,-2.171,-0.021949129384346695,-0.021949129384346695
2023-06-22,7100.0,7190.0,7080.0,7320.0,728019.0,6976.0,-1.5257,-0.015374585559534582,-0.015374585559534582
2023-06-23,7440.0,7150.0,7060.0,7690.0,3850745.0,7144.0,4.7887,0.046775755657898044,0.046775755657898044
2023-06-26,7510.0,7440.0,7310.0,7530.0,901159.0,7326.0,0.9409,0.009365011072110345,0.009365011072110345
2023-06-27,7460.0,7450.0,7340.0,7550.0,712649.0,7344.0,-0.6658,-0.006680263356643025,-0.006680263356643025
2023-06-28,7240.0,7440.0,7210.0,7490.0,741175.0,7350.0,-2.9491,-0.029934602845746863,-0.029934602845746863
2023-06-29,7100.0,7100.0,6970.0,7290.0,851962.0,7350.0,-1.9337,-0.019526405448947,-0.019526405448947
2023-06-30,7180.0,7080.0,7010.0,7200.0,478911.0,7298.0,1.1268,0.01120498898493194,0.01120498898493194
