date,PX_OPEN,PX_LOW,PX_HIGH,PX_LAST,VOLUME,MOV_AVG_5D,CHG_PCT_1D
2019-07-18,25.45,25.0,27.55,27.04,3626871.0,,
2019-07-19,26.79,26.2,28.05,27.25,195433.0,,0.7766
2019-07-22,27.07,26.05,27.58,26.6,73462.0,,-2.3853
2019-07-23,26.6,25.87,26.86,26.05,51824.0,,-2.0677
2019-07-24,25.91,25.9,26.98,26.25,435436.0,26.638,0.7678
2019-07-25,26.27,25.8,26.59,26.53,74299.0,26.536,1.0667
2019-07-26,26.52,26.52,27.93,27.9,20946.0,26.666,5.164
2019-07-29,27.95,27.68,28.38,28.14,42567.0,26.974,0.8602
2019-07-30,27.88,27.88,28.61,28.5,37726.0,27.464,1.2793
2019-07-31,28.51,28.29,28.51,28.29,16350.0,27.872,-0.7368
2019-08-01,28.52,28.22,28.61,28.3,22844.0,28.226,0.0353
2019-08-02,28.05,27.25,28.6,28.5,16320.0,28.346,0.7067
2019-08-05,28.02,26.93,28.02,27.08,13906.0,28.134,-4.9825
2019-08-06,27.05,27.02,27.68,27.59,14241.0,27.952,1.8833
2019-08-07,27.24,26.7,27.24,26.76,12727.0,27.646,-3.0083
2019-08-08,26.74,26.52,26.91,26.68,11420.0,27.322,-0.299
2019-08-09,26.59,26.21,26.89,26.33,26853.0,26.888,-1.3118
2019-08-12,25.66,24.78,25.66,24.78,19358.0,26.428,-5.8868
2019-08-13,24.83,24.6,25.03,24.75,36093.0,25.86,-0.1211
2019-08-14,24.61,23.38,24.61,23.4,55507.0,25.188,-5.4545
2019-08-15,23.43,22.88,23.85,23.31,44236.0,24.514,-0.3846
2019-08-16,23.4,23.01,24.52,24.37,40611.0,24.122,4.5474
2019-08-19,24.69,23.55,25.24,25.08,20082.0,24.182,2.9134
2019-08-20,24.99,24.89,26.32,25.99,15575.0,24.43,3.6284
2019-08-21,25.99,25.99,27.1,26.95,19137.0,25.14,3.6937
2019-08-22,27.0,26.73,27.17,27.0,18101.0,25.878,0.1855
2019-08-23,26.87,26.1,26.89,26.55,22309.0,26.314,-1.6667
2019-08-26,26.57,26.57,27.0,27.0,27780.0,26.698,1.6949
2019-08-27,26.98,25.41,27.67,26.64,18232.0,26.828,-1.3333
2019-08-28,26.48,25.8,26.63,26.38,23974.0,26.714,-0.976
2019-08-29,26.77,26.42,27.44,27.16,33699.0,26.746,2.9568
2019-08-30,27.44,27.31,28.68,28.2,25437.0,27.076,3.8292
2019-09-03,28.27,27.43,28.7,28.38,43359.0,27.352,0.6383
2019-09-04,28.5,27.91,29.0,28.8,48634.0,27.784,1.4799
2019-09-05,29.1,27.6,29.22,27.98,29136.0,28.104,-2.8472
2019-09-06,28.0,26.7,28.13,27.0,31660.0,28.072,-3.5025
2019-09-09,27.05,26.42,27.44,26.75,30613.0,27.782,-0.9259
2019-09-10,26.76,26.09,26.81,26.25,31934.0,27.356,-1.8692
2019-09-11,26.35,26.06,26.49,26.37,14275.0,26.87,0.4571
2019-09-12,26.38,26.38,28.08,27.49,18451.0,26.772,4.2473
2019-09-13,27.65,27.52,27.91,27.54,13848.0,26.88,0.1819
2019-09-16,27.52,27.15,28.0,27.21,25535.0,26.972,-1.1983
2019-09-17,27.21,26.31,27.21,26.41,30683.0,27.004,-2.9401
2019-09-18,26.43,26.43,27.7,27.41,70201.0,27.212,3.7864
2019-09-19,27.54,27.27,27.66,27.55,86167.0,27.224,0.5108
2019-09-20,27.43,27.06,27.96,27.81,1313551.0,27.278,0.9437
2019-09-23,27.66,27.39,27.85,27.39,62123.0,27.314,-1.5102
2019-09-24,27.51,26.43,27.51,26.65,81848.0,27.362,-2.7017
2019-09-25,26.65,26.38,27.99,27.95,48672.0,27.47,4.878
2019-09-26,27.93,26.7,27.93,27.13,60721.0,27.386,-2.9338
2019-09-27,27.15,25.64,27.15,25.94,48826.0,27.012,-4.3863
2019-09-30,26.03,25.08,26.44,26.05,70400.0,26.744,0.4241
2019-10-01,26.77,24.75,26.77,24.78,76021.0,26.37,-4.8752
2019-10-02,24.74,23.87,24.74,24.5,33405.0,25.68,-1.1299
2019-10-03,24.5,23.63,24.5,23.83,62760.0,25.02,-2.7347
2019-10-04,23.88,23.68,24.18,24.04,26512.0,24.64,0.8812
2019-10-07,24.04,23.83,24.46,24.31,21505.0,24.292,1.1231
2019-10-08,23.77,23.65,23.95,23.73,36503.0,24.082,-2.3858
2019-10-09,23.99,23.95,25.18,24.64,34197.0,24.11,3.8348
2019-10-10,24.6,24.37,25.77,25.57,46250.0,24.458,3.7744
2019-10-11,25.91,25.3,26.03,25.66,39021.0,24.782,0.352
2019-10-14,25.52,25.16,25.82,25.63,17836.0,25.046,-0.1169
2019-10-15,25.86,25.6,26.2,25.69,24541.0,25.438,0.2341
2019-10-16,25.7,25.21,25.88,25.83,30275.0,25.676,0.545
2019-10-17,25.96,25.85,26.41,26.07,14816.0,25.776,0.9292
2019-10-18,25.94,25.94,27.36,27.16,35634.0,26.076,4.1811
2019-10-21,27.44,27.15,28.08,27.55,19193.0,26.46,1.4359
2019-10-22,27.4,26.95,27.4,27.04,14628.0,26.73,-1.8512
2019-10-23,26.93,26.42,27.22,26.93,20227.0,26.95,-0.4068
2019-10-24,27.05,26.61,27.43,26.79,16945.0,27.094,-0.5199
2019-10-25,26.86,26.51,27.35,26.97,7173.0,27.056,0.6719
2019-10-28,27.17,26.92,27.62,27.07,16475.0,26.96,0.3708
2019-10-29,27.0,26.83,27.24,27.12,41440.0,26.976,0.1847
2019-10-30,27.15,27.15,28.11,27.63,30853.0,27.116,1.8805
2019-10-31,27.49,27.09,27.49,27.44,12882.0,27.246,-0.6877
2019-11-01,27.64,27.62,28.32,28.01,14538.0,27.454,2.0773
2019-11-04,28.25,27.89,28.79,28.09,17277.0,27.658,0.2856
2019-11-05,28.08,26.73,28.22,27.04,35183.0,27.642,-3.738
2019-11-06,27.03,25.5,27.03,25.5,38539.0,27.216,-5.6953
2019-11-07,25.7,25.16,25.8,25.38,27687.0,26.804,-0.4706
2019-11-08,25.26,25.02,25.46,25.06,20626.0,26.214,-1.2608
2019-11-11,24.93,24.71,25.27,24.99,8624.0,25.594,-0.2793
2019-11-12,25.1,24.62,25.1,24.64,33977.0,25.114,-1.4006
2019-11-13,24.53,24.4,24.75,24.45,23872.0,24.904,-0.7711
2019-11-14,24.47,23.85,24.52,24.16,22428.0,24.66,-1.1861
2019-11-15,24.36,24.01,24.62,24.12,41120.0,24.472,-0.1656
2019-11-18,24.24,23.64,24.91,24.82,24312.0,24.438,2.9022
2019-11-19,24.81,24.09,25.08,24.45,19454.0,24.4,-1.4907
2019-11-20,24.3,24.14,24.84,24.79,22388.0,24.468,1.3906
2019-11-21,24.78,24.33,24.78,24.46,21354.0,24.528,-1.3312
2019-11-22,24.59,23.97,24.59,24.34,10505.0,24.572,-0.4906
2019-11-25,24.47,23.84,24.99,24.01,16731.0,24.41,-1.3558
2019-11-26,24.01,23.62,24.19,24.07,121281.0,24.334,0.2499
2019-11-27,24.0,24.0,24.98,24.81,13177.0,24.338,3.0744
2019-11-29,24.74,24.74,25.09,25.03,6490.0,24.452,0.8867
2019-12-02,25.03,24.58,25.22,25.1,16147.0,24.604,0.2797
2019-12-03,24.76,24.76,25.19,25.02,10886.0,24.806,-0.3187
2019-12-04,25.12,24.94,25.51,25.5,17084.0,25.092,1.9185
2019-12-05,25.47,25.34,25.75,25.52,13007.0,25.234,0.0784
2019-12-06,25.64,25.63,26.46,25.96,22463.0,25.42,1.7241
2019-12-09,25.82,25.59,26.57,26.4,19932.0,25.68,1.6949
2019-12-10,26.33,26.12,27.205,27.09,33542.0,26.094,2.6136
2019-12-11,27.05,26.62,28.0,26.88,30196.0,26.37,-0.7752
2019-12-12,26.81,26.81,27.46,27.31,17989.0,26.728,1.5997
2019-12-13,28.6,27.01,28.65,27.26,52755.0,26.988,-0.1831
2019-12-16,27.51,27.24,28.09,27.84,50150.0,27.276,2.1277
2019-12-17,27.96,27.55,28.06,27.85,32640.0,27.428,0.0359
2019-12-18,27.98,27.75,28.09,28.08,27004.0,27.668,0.8259
2019-12-19,28.19,28.03,28.69,28.32,32952.0,27.87,0.8547
2019-12-20,28.33,28.15,28.61,28.59,227883.0,28.136,0.9534
2019-12-23,28.07,27.81,28.9,28.86,29235.0,28.34,0.9444
2019-12-24,28.9,28.38,28.9,28.74,12111.0,28.518,-0.4158
2019-12-26,28.74,28.39,28.95,28.95,33295.0,28.692,0.7307
2019-12-27,29.06,28.96,29.8,29.57,29014.0,28.942,2.1416
2019-12-30,29.7,29.15,29.7,29.35,40223.0,29.094,-0.744
2019-12-31,29.11,28.94,29.48,29.02,14887.0,29.126,-1.1244
2020-01-02,29.21,29.05,29.96,29.91,62235.0,29.36,3.0669
2020-01-03,29.63,28.85,29.63,29.57,23985.0,29.484,-1.1367
2020-01-06,29.32,28.88,29.5,29.36,20067.0,29.442,-0.7102
2020-01-07,29.26,28.69,29.33,29.28,25906.0,29.428,-0.2725
2020-01-08,29.28,28.96,29.59,29.01,11445.0,29.426,-0.9221
2020-01-09,29.18,29.14,29.57,29.22,13577.0,29.288,0.7239
2020-01-10,29.29,28.44,29.63,28.68,22987.0,29.11,-1.848
2020-01-13,28.73,28.58,28.96,28.73,26367.0,28.984,0.1743
2020-01-14,28.85,28.44,29.4,28.65,22777.0,28.858,-0.2785
2020-01-15,28.67,28.46,28.84,28.8,21406.0,28.816,0.5236
2020-01-16,29.78,29.46,30.56,30.05,79655.0,28.982,4.3403
2020-01-17,30.31,29.96,30.51,30.43,29144.0,29.332,1.2646
2020-01-21,30.1,29.36,30.2,29.89,16371.0,29.564,-1.7746
2020-01-22,30.16,29.95,30.77,29.98,42379.0,29.83,0.3011
2020-01-23,29.67,29.67,30.22,30.08,5739.0,30.086,0.3336
2020-01-24,30.13,29.83,30.15,29.92,12620.0,30.06,-0.5319
2020-01-27,29.41,29.41,29.99,29.69,13656.0,29.912,-0.7687
2020-01-28,29.87,29.75,30.27,29.87,16034.0,29.908,0.6063
2020-01-29,30.01,29.66,30.22,29.84,12740.0,29.88,-0.1004
2020-01-30,29.65,29.4,30.31,30.14,12513.0,29.892,1.0054
2020-01-31,30.03,29.04,30.03,29.33,16886.0,29.774,-2.6875
2020-02-03,29.49,29.35,30.08,30.05,13782.0,29.846,2.4548
2020-02-04,30.4,30.09,30.73,30.61,9131.0,29.994,1.8636
2020-02-05,30.99,30.835,31.67,31.41,21171.0,30.308,2.6135
2020-02-06,31.34,31.2,32.15,31.75,23336.0,30.63,1.0825
2020-02-07,31.9,31.3,32.55,31.75,19202.0,31.114,0.0
2020-02-10,31.55,31.22,31.77,31.5,14884.0,31.404,-0.7874
2020-02-11,31.79,31.57,31.89,31.79,7780.0,31.64,0.9206
2020-02-12,32.05,32.05,33.98,32.14,19292.0,31.786,1.101
2020-02-13,32.02,32.02,33.42,33.13,16937.0,32.062,3.0803
2020-02-14,33.14,33.13,33.8,33.5,17163.0,32.412,1.1168
2020-02-18,33.5,32.18,33.5,32.23,19090.0,32.558,-3.791
2020-02-19,32.4,32.4,33.5,32.88,11370.0,32.776,2.0168
2020-02-20,32.83,32.08,33.21,32.16,9994.0,32.78,-2.1898
2020-02-21,32.2,31.35,32.49,31.75,16882.0,32.504,-1.2749
2020-02-24,30.8,29.8,30.8,29.94,23465.0,31.792,-5.7008
2020-02-25,30.07,29.51,30.44,29.74,22563.0,31.294,-0.668
2020-02-26,29.84,29.47,30.19,29.57,24339.0,30.632,-0.5716
2020-02-27,30.31,27.5,30.31,27.54,46851.0,29.708,-6.8651
2020-02-28,27.0,26.31,27.47,26.49,37986.0,28.656,-3.8126
2020-03-02,26.64,25.02,26.64,26.4,49218.0,27.948,-0.3398
2020-03-03,26.36,26.14,26.67,26.64,82450.0,27.328,0.9091
2020-03-04,26.81,25.94,27.51,27.42,31759.0,26.898,2.9279
2020-03-05,26.61,25.7,26.61,26.22,37889.0,26.634,-4.3764
2020-03-06,25.3,25.1,25.88,25.3,36175.0,26.396,-3.5088
2020-03-09,24.0,22.11,24.68,22.76,83328.0,25.668,-10.0395
2020-03-10,23.65,22.53,23.65,23.35,33316.0,25.01,2.5923
2020-03-11,22.75,20.92,22.8,21.71,39813.0,23.868,-7.0236
2020-03-12,20.0,18.19,20.54,18.61,53451.0,22.346,-14.2791
2020-03-13,19.44,19.02,21.15,20.94,55870.0,21.474,12.5202
2020-03-16,18.55,17.5,20.71,17.52,40564.0,20.426,-16.3324
2020-03-17,17.96,17.5,19.41,19.05,45043.0,19.566,8.7329
2020-03-18,18.5,15.91,18.5,16.85,24153.0,18.594,-11.5486
2020-03-19,16.78,16.24,19.96,17.6,49183.0,18.392,4.451
2020-03-20,17.62,15.35,17.64,15.35,150784.0,17.274,-12.7841
2020-03-23,15.19,14.28,15.46,14.87,32805.0,16.744,-3.127
2020-03-24,15.68,15.68,17.77,16.0,99579.0,16.134,7.5992
2020-03-25,15.99,15.66,18.79,17.9,59575.0,16.344,11.875
2020-03-26,18.1,18.1,21.31,21.02,48281.0,17.028,17.4302
2020-03-27,20.23,19.51,20.84,20.38,32442.0,18.034,-3.0447
2020-03-30,20.4,19.44,20.58,20.19,32450.0,19.098,-0.9323
2020-03-31,20.04,19.82,20.51,20.39,62777.0,19.976,0.9906
2020-04-01,19.4,17.9,19.43,18.23,39309.0,20.042,-10.5934
2020-04-02,18.17,17.81,18.87,18.39,18319.0,19.516,0.8777
2020-04-03,18.14,18.14,19.3,19.07,33888.0,19.254,3.6977
2020-04-06,19.46,19.3,19.98,19.71,22727.0,19.158,3.3561
2020-04-07,20.17,19.72,20.58,20.38,26123.0,19.156,3.3993
2020-04-08,20.68,20.33,22.06,21.74,32893.0,19.858,6.6732
2020-04-09,22.12,21.48,22.82,22.02,19848.0,20.584,1.2879
2020-04-13,21.76,19.95,21.76,20.29,15847.0,20.828,-7.8565
2020-04-14,20.82,20.79,22.0,21.91,32150.0,21.268,7.9842
2020-04-15,21.25,20.12,21.3,20.62,33704.0,21.316,-5.8877
2020-04-16,20.49,20.27,21.77,21.53,27599.0,21.274,4.4132
2020-04-17,22.1,21.25,22.23,21.54,25871.0,21.178,0.0464
2020-04-20,20.98,20.83,21.21,21.17,11857.0,21.354,-1.7177
2020-04-21,20.37,20.37,21.56,21.37,21564.0,21.246,0.9447
2020-04-22,21.85,21.21,21.97,21.87,19814.0,21.496,2.3397
2020-04-23,22.09,21.87,22.57,21.98,24544.0,21.586,0.503
2020-04-24,22.24,21.69,22.76,22.16,19641.0,21.71,0.8189
2020-04-27,21.96,21.96,23.19,22.75,21118.0,22.026,2.6625
2020-04-28,23.28,22.0,23.28,22.31,29346.0,22.214,-1.9341
2020-04-29,23.41,22.6,24.08,24.0,74791.0,22.64,7.5751
2020-04-30,23.15,22.69,24.39,23.99,45005.0,23.042,-0.0417
2020-05-01,23.42,23.07,24.3,24.2,32884.0,23.45,0.8754
2020-05-04,23.87,22.76,23.87,23.19,63272.0,23.538,-4.1736
2020-05-05,23.48,23.05,24.58,23.37,26438.0,23.75,0.7762
2020-05-06,21.36,21.36,24.63,24.0,65211.0,23.75,2.6958
2020-05-07,24.65,24.0,25.0,24.9,59778.0,23.932,3.75
2020-05-08,25.11,24.09,26.0,25.14,57131.0,24.12,0.9639
2020-05-11,24.78,23.51,24.78,24.07,39163.0,24.296,-4.2562
2020-05-12,24.09,23.22,24.09,23.41,26121.0,24.304,-2.742
2020-05-13,23.16,22.94,23.76,23.5,38258.0,24.204,0.3845
2020-05-14,23.06,22.35,23.62,23.58,22959.0,23.94,0.3404
2020-05-15,23.9,23.63,25.0,24.92,39398.0,23.896,5.6828
2020-05-18,25.78,24.86,26.25,25.94,43509.0,24.27,4.0931
2020-05-19,25.7,25.2,25.72,25.55,29242.0,24.698,-1.5035
2020-05-20,25.87,25.8,26.75,26.35,24922.0,25.268,3.1311
2020-05-21,26.46,25.85,27.03,26.98,44366.0,25.948,2.3909
2020-05-22,26.97,25.92,26.99,26.7,20784.0,26.304,-1.0378
2020-05-26,27.44,24.66,27.44,26.48,44882.0,26.412,-0.824
2020-05-27,27.02,26.64,27.31,26.93,29811.0,26.688,1.6994
2020-05-28,27.38,25.47,27.38,25.85,30282.0,26.588,-4.0104
2020-05-29,25.53,25.4,26.8,26.7,50491.0,26.532,3.2882
2020-06-01,26.9,24.69,26.9,26.43,38633.0,26.478,-1.0112
2020-06-02,26.81,26.33,26.81,26.44,25983.0,26.47,0.0378
2020-06-03,26.43,26.43,27.41,26.6,33713.0,26.404,0.6051
2020-06-04,26.26,25.9,26.63,26.45,18169.0,26.524,-0.5639
2020-06-05,27.49,27.04,27.78,27.36,29707.0,26.656,3.4405
2020-06-08,27.82,27.14,28.66,28.48,35355.0,27.066,4.0936
2020-06-09,28.05,28.05,28.88,28.65,28924.0,27.508,0.5969
2020-06-10,28.51,27.28,28.51,27.92,33724.0,27.772,-2.548
2020-06-11,27.19,25.26,27.19,25.56,53557.0,27.594,-8.4527
2020-06-12,26.41,26.01,27.27,27.05,33371.0,27.532,5.8294
2020-06-15,26.52,26.5,27.42,26.97,45702.0,27.23,-0.2957
2020-06-16,28.0,26.21,28.0,26.56,27157.0,26.812,-1.5202
2020-06-17,26.38,25.85,26.48,26.08,58923.0,26.444,-1.8072
2020-06-18,25.93,25.93,27.58,27.22,99748.0,26.776,4.3712
2020-06-19,27.42,27.05,27.81,27.38,205444.0,26.842,0.5878
2020-06-22,27.22,27.21,28.2,28.03,80739.0,27.054,2.374
2020-06-23,28.45,27.91,28.45,28.28,91696.0,27.398,0.8919
2020-06-24,27.95,26.23,27.95,26.43,24488.0,27.468,-6.5417
2020-06-25,26.46,26.34,27.25,26.8,33313.0,27.384,1.3999
2020-06-26,26.54,25.275,26.54,25.66,324624.0,27.04,-4.2537
2020-06-29,26.16,25.89,26.91,26.35,21376.0,26.704,2.689
2020-06-30,26.48,26.48,27.37,27.29,34458.0,26.506,3.5674
2020-07-01,27.32,26.61,27.32,26.95,33945.0,26.61,-1.2459
2020-07-02,27.53,26.89,27.71,27.23,23281.0,26.696,1.039
2020-07-06,27.85,27.42,27.86,27.55,20552.0,27.074,1.1752
2020-07-07,27.36,26.53,27.5,26.62,18046.0,27.128,-3.3757
2020-07-08,26.58,26.42,27.25,26.99,18441.0,27.068,1.3899
2020-07-09,27.04,26.5,27.14,27.03,33800.0,27.084,0.1482
2020-07-10,26.99,26.99,27.5,27.43,22887.0,27.124,1.4798
2020-07-13,27.73,27.41,28.41,27.58,22533.0,27.13,0.5468
2020-07-14,27.35,27.35,28.36,28.24,17403.0,27.454,2.393
2020-07-15,29.08,28.66,29.38,29.18,58165.0,27.892,3.3286
2020-07-16,29.31,28.43,29.37,28.86,32256.0,28.258,-1.0966
2020-07-17,28.83,28.18,28.87,28.2,27555.0,28.412,-2.2869
2020-07-20,27.99,27.12,28.3,28.15,42294.0,28.526,-0.1773
2020-07-21,28.49,28.29,28.96,28.57,36961.0,28.592,1.492
2020-07-22,28.39,27.98,28.53,28.22,24578.0,28.4,-1.2251
2020-07-23,28.03,27.76,28.31,27.88,15274.0,28.204,-1.2048
2020-07-24,27.95,27.29,27.95,27.52,21052.0,28.068,-1.2912
2020-07-27,27.38,27.38,27.96,27.76,24756.0,27.99,0.8721
2020-07-28,27.64,27.15,27.68,27.44,14626.0,27.764,-1.1527
2020-07-29,27.57,27.57,28.29,28.02,17926.0,27.724,2.1137
2020-07-30,27.58,27.17,27.93,27.8,19735.0,27.708,-0.7852
2020-07-31,27.77,27.16,28.0,27.85,55862.0,27.774,0.1799
2020-08-03,28.16,27.22,28.16,27.91,40512.0,27.804,0.2154
2020-08-04,27.58,27.11,27.82,27.27,36706.0,27.77,-2.2931
2020-08-05,24.6,24.04,25.97,25.12,57784.0,27.19,-7.8841
2020-08-06,25.05,24.1,25.21,24.3,34977.0,26.49,-3.2643
2020-08-07,24.26,24.11,24.49,24.22,25610.0,25.764,-0.3292
2020-08-10,24.31,23.71,26.04,25.4,37664.0,25.262,4.872
2020-08-11,25.66,25.51,26.71,26.32,29153.0,25.072,3.622
2020-08-12,26.66,25.78,26.66,25.86,17288.0,25.22,-1.7477
2020-08-13,25.67,24.76,25.67,25.13,29492.0,25.386,-2.8229
2020-08-14,24.94,24.6,25.22,24.72,17813.0,25.486,-1.6315
2020-08-17,24.68,24.2,24.81,24.25,15265.0,25.256,-1.9013
2020-08-18,24.24,23.27,24.43,24.24,27452.0,24.84,-0.0412
2020-08-19,24.45,24.05,24.49,24.1,29478.0,24.488,-0.5776
2020-08-20,23.79,23.79,24.07,23.87,17043.0,24.236,-0.9544
2020-08-21,23.65,23.64,23.97,23.85,28078.0,24.062,-0.0838
2020-08-24,24.01,23.77,24.02,23.94,30095.0,24.0,0.3774
2020-08-25,24.16,23.83,24.39,24.25,35379.0,24.002,1.2949
2020-08-26,24.19,23.98,24.27,24.06,23181.0,23.994,-0.7835
2020-08-27,24.13,24.01,24.47,24.32,31776.0,24.084,1.0806
2020-08-28,24.42,23.88,24.42,24.27,117410.0,24.168,-0.2056
2020-08-31,24.21,23.6,24.51,24.15,24849.0,24.21,-0.4944
2020-09-01,24.05,23.98,24.3,24.29,20143.0,24.218,0.5797
2020-09-02,24.29,24.23,24.5,24.49,29344.0,24.304,0.8234
2020-09-03,24.4,24.02,24.57,24.16,23398.0,24.272,-1.3475
2020-09-04,24.48,23.76,24.48,23.94,25629.0,24.206,-0.9106
2020-09-08,23.61,23.05,23.61,23.11,22231.0,23.998,-3.467
2020-09-09,23.42,23.28,23.67,23.34,22427.0,23.808,0.9952
2020-09-10,23.46,22.69,23.46,22.81,20867.0,23.472,-2.2708
2020-09-11,23.08,22.59,23.16,22.8,24079.0,23.2,-0.0438
2020-09-14,22.97,22.83,23.5,23.42,30786.0,23.096,2.7193
2020-09-15,23.61,23.53,23.98,23.75,13414.0,23.224,1.4091
2020-09-16,23.76,23.38,24.11,23.48,35857.0,23.252,-1.1368
2020-09-17,23.12,22.87,23.16,23.03,23520.0,23.296,-1.9165
2020-09-18,23.18,22.15,23.18,22.4,311473.0,23.216,-2.7356
2020-09-21,22.05,20.94,22.05,21.55,44634.0,22.842,-3.7946
2020-09-22,21.64,21.31,21.75,21.68,28404.0,22.428,0.6032
2020-09-23,21.54,21.5,22.0,21.61,24632.0,22.054,-0.3229
2020-09-24,21.74,21.34,21.77,21.49,21090.0,21.746,-0.5553
2020-09-25,21.28,21.28,21.69,21.52,36234.0,21.57,0.1396
2020-09-28,21.82,21.82,22.77,22.29,34714.0,21.718,3.5781
2020-09-29,22.29,22.21,22.77,22.42,17717.0,21.866,0.5832
2020-09-30,22.48,21.68,22.51,21.74,33526.0,21.892,-3.033
2020-10-01,21.52,21.31,22.08,21.92,39562.0,21.978,0.828
2020-10-02,21.58,21.58,22.41,21.97,24271.0,22.068,0.2281
2020-10-05,22.18,22.02,22.3,22.24,22805.0,22.058,1.2289
2020-10-06,22.48,21.95,22.63,21.95,18476.0,21.964,-1.304
2020-10-07,22.16,21.93,22.17,22.07,31414.0,22.03,0.5467
2020-10-08,22.33,22.07,22.33,22.17,22800.0,22.08,0.4531
2020-10-09,22.45,22.13,22.45,22.34,23056.0,22.154,0.7668
2020-10-12,22.31,22.07,22.76,22.72,27424.0,22.25,1.701
2020-10-13,22.88,22.67,23.0,22.87,30215.0,22.434,0.6602
2020-10-14,22.99,22.77,23.14,22.81,37911.0,22.582,-0.2624
2020-10-15,22.59,22.51,22.91,22.81,30632.0,22.71,0.0
2020-10-16,22.77,22.77,23.855,23.64,21952.0,22.97,3.6388
2020-10-19,23.83,23.24,23.97,23.4,43682.0,23.106,-1.0152
2020-10-20,23.63,23.44,23.63,23.51,13828.0,23.234,0.4701
2020-10-21,23.57,23.35,23.75,23.58,14838.0,23.388,0.2977
2020-10-22,23.67,23.44,24.08,23.97,36218.0,23.62,1.6539
2020-10-23,23.85,23.65,24.03,23.65,21829.0,23.622,-1.335
2020-10-26,23.43,22.48,23.43,22.68,25658.0,23.478,-4.1015
2020-10-27,22.58,22.09,22.58,22.25,43732.0,23.226,-1.8959
2020-10-28,21.84,21.84,22.17,22.09,20113.0,22.928,-0.7191
2020-10-29,21.95,21.8,22.46,21.89,35565.0,22.512,-0.9054
2020-10-30,21.67,21.15,21.86,21.15,53964.0,22.012,-3.3805
2020-11-02,21.34,21.34,21.98,21.92,32087.0,21.86,3.6407
2020-11-03,22.25,22.25,23.19,23.02,37378.0,22.014,5.0182
2020-11-04,22.92,22.63,23.38,23.14,28964.0,22.224,0.5213
2020-11-05,23.35,23.35,23.99,23.72,21179.0,22.59,2.5065
2020-11-06,23.75,22.98,23.75,23.22,25973.0,23.004,-2.1079
2020-11-09,24.49,24.49,25.95,25.03,66307.0,23.626,7.795
2020-11-10,25.32,24.62,25.43,24.76,37783.0,23.974,-1.0787
2020-11-11,24.12,24.12,25.79,25.25,33808.0,24.396,1.979
2020-11-12,24.98,24.3,24.98,24.4,51952.0,24.532,-3.3663
2020-11-13,24.65,23.72,24.68,24.5,42026.0,24.788,0.4098
2020-11-16,24.93,24.61,25.16,24.83,32043.0,24.748,1.3469
2020-11-17,24.69,24.47,25.06,25.02,27785.0,24.8,0.7652
2020-11-18,25.12,24.0,25.19,24.03,51960.0,24.556,-3.9568
2020-11-19,24.03,23.51,24.03,23.79,25206.0,24.434,-0.9988
2020-11-20,23.51,23.51,24.24,24.13,32125.0,24.36,1.4292
2020-11-23,24.26,23.96,24.31,24.03,31408.0,24.2,-0.4144
2020-11-24,24.34,24.26,24.92,24.54,35178.0,24.104,2.1223
2020-11-25,24.38,24.11,24.66,24.31,18017.0,24.16,-0.9372
2020-11-27,24.35,23.97,24.41,24.32,12436.0,24.266,0.0411
2020-11-30,24.2,23.73,24.2,23.78,33827.0,24.196,-2.2204
2020-12-01,24.15,23.9,24.38,24.27,19949.0,24.244,2.0606
2020-12-02,24.24,23.63,24.39,23.87,24499.0,24.11,-1.6481
2020-12-03,24.0,23.16,24.0,23.7,32460.0,23.988,-0.7122
2020-12-04,23.78,23.78,25.14,24.73,26351.0,24.07,4.346
2020-12-07,24.67,24.15,24.74,24.64,18452.0,24.242,-0.3639
2020-12-08,24.38,24.34,25.66,25.26,23341.0,24.44,2.5162
2020-12-09,25.5,25.0,25.94,25.27,27559.0,24.72,0.0396
2020-12-10,25.12,24.82,25.31,24.97,18604.0,24.974,-1.1872
2020-12-11,24.74,23.77,24.74,24.51,19377.0,24.93,-1.8422
2020-12-14,24.8,23.24,24.8,23.58,39328.0,24.718,-3.7944
2020-12-15,23.88,23.88,24.82,24.71,22998.0,24.608,4.7922
2020-12-16,24.77,24.35,24.77,24.47,17403.0,24.448,-0.9713
2020-12-17,24.66,24.31,24.8,24.74,22048.0,24.402,1.1034
2020-12-18,24.75,24.34,24.75,24.41,110468.0,24.382,-1.3339
2020-12-21,24.06,23.575,24.06,23.75,26015.0,24.416,-2.7038
2020-12-22,23.79,23.49,23.87,23.82,20388.0,24.238,0.2947
2020-12-23,23.97,23.96,24.53,24.01,14684.0,24.146,0.7976
2020-12-24,23.99,23.91,24.43,24.11,5556.0,24.02,0.4165
2020-12-28,24.36,23.99,24.36,24.1,15532.0,23.958,-0.0415
2020-12-29,24.18,23.76,24.18,23.94,23303.0,23.996,-0.6639
2020-12-30,23.9,23.9,24.67,24.57,15184.0,24.146,2.6316
2020-12-31,24.52,24.15,24.62,24.2,18159.0,24.184,-1.5059
2021-01-04,24.6,23.5,24.6,23.65,26739.0,24.092,-2.2727
2021-01-05,23.57,23.26,23.72,23.58,23097.0,23.988,-0.296
2021-01-06,23.91,23.91,24.73,24.24,25040.0,24.048,2.799
2021-01-07,24.48,24.0,24.48,24.03,12675.0,23.94,-0.8663
2021-01-08,24.1,23.73,24.37,24.11,28057.0,23.922,0.3329
2021-01-11,23.84,23.83,24.24,24.2,15404.0,24.032,0.3733
2021-01-12,24.44,24.17,24.57,24.34,17988.0,24.184,0.5785
2021-01-13,24.39,23.7,24.39,23.84,15353.0,24.104,-2.0542
2021-01-14,24.02,23.69,24.02,23.75,21783.0,24.048,-0.3775
2021-01-15,23.5,23.5,24.31,24.08,24629.0,24.042,1.3895
2021-01-19,24.37,24.12,25.5,24.52,44150.0,24.106,1.8272
2021-01-20,24.51,24.51,25.02,25.01,17216.0,24.24,1.9984
2021-01-21,25.13,24.71,25.13,24.82,21979.0,24.436,-0.7597
2021-01-22,24.62,24.55,24.83,24.79,26402.0,24.644,-0.1209
2021-01-25,24.69,24.2,25.04,24.53,20148.0,24.734,-1.0488
2021-01-26,24.62,24.31,24.8,24.51,18867.0,24.732,-0.0815
2021-01-27,24.08,23.3,24.08,23.7,29780.0,24.47,-3.3048
2021-01-28,24.06,23.56,24.06,23.73,10871.0,24.252,0.1266
2021-01-29,23.63,22.98,23.63,23.02,29874.0,23.898,-2.992
2021-02-01,23.26,22.78,23.26,22.95,33028.0,23.582,-0.3041
2021-02-02,23.26,23.24,23.79,23.39,44368.0,23.358,1.9172
2021-02-03,23.24,22.84,23.37,22.97,66249.0,23.212,-1.7956
2021-02-04,22.86,22.86,24.43,24.39,38225.0,23.344,6.182
2021-02-05,24.65,24.48,25.14,25.12,44542.0,23.764,2.993
2021-02-08,25.19,24.96,25.86,25.78,34913.0,24.33,2.6274
2021-02-09,25.69,25.03,26.16,26.08,35885.0,24.868,1.1637
2021-02-10,26.1,26.1,26.62,26.55,51869.0,25.584,1.8021
2021-02-11,26.63,26.15,26.85,26.4,35649.0,25.986,-0.565
2021-02-12,26.98,26.0,26.98,26.25,39586.0,26.212,-0.5682
2021-02-16,26.41,25.94,26.52,25.94,19532.0,26.244,-1.181
2021-02-17,25.68,24.96,25.68,24.98,22749.0,26.024,-3.7008
2021-02-18,24.91,24.64,25.06,24.86,25286.0,25.686,-0.4804
2021-02-19,24.94,24.94,25.37,25.31,14909.0,25.468,1.8101
2021-02-22,25.15,25.14,25.51,25.38,19597.0,25.294,0.2766
2021-02-23,25.26,24.85,25.69,25.02,16426.0,25.11,-1.4184
2021-02-24,24.8,24.75,25.1,24.97,31368.0,25.108,-0.1998
2021-02-25,24.9,24.44,25.05,24.48,18548.0,25.032,-1.9624
2021-02-26,24.37,23.56,24.55,23.63,45741.0,24.696,-3.4722
2021-03-01,24.03,24.03,25.11,24.85,26590.0,24.59,5.1629
2021-03-02,24.85,24.12,24.85,24.12,34249.0,24.41,-2.9376
2021-03-03,24.14,24.07,24.87,24.55,33599.0,24.326,1.7828
2021-03-04,24.53,23.8,24.63,23.96,23774.0,24.222,-2.4033
2021-03-05,24.33,23.54,24.4,23.8,41106.0,24.256,-0.6678
2021-03-08,24.1,24.1,24.54,24.2,32500.0,24.126,1.6807
2021-03-09,24.38,24.27,24.57,24.49,15852.0,24.2,1.1983
2021-03-10,24.6,23.77,24.69,23.83,32584.0,24.056,-2.695
2021-03-11,23.98,23.5,23.98,23.53,37077.0,23.97,-1.2589
2021-03-12,23.61,23.41,23.61,23.52,23204.0,23.914,-0.0425
2021-03-15,23.44,23.24,23.91,23.8,36640.0,23.834,1.1905
2021-03-16,23.66,23.17,23.75,23.54,19141.0,23.644,-1.0924
2021-03-17,23.54,23.1,23.54,23.31,21471.0,23.54,-0.9771
2021-03-18,23.28,22.96,23.32,23.04,27710.0,23.442,-1.1583
2021-03-19,23.0,22.5,23.16,23.13,196820.0,23.364,0.3906
2021-03-22,23.13,22.66,23.13,22.82,14236.0,23.168,-1.3403
2021-03-23,22.59,22.53,22.82,22.74,23795.0,23.008,-0.3506
2021-03-24,22.87,22.73,23.3,22.77,32425.0,22.9,0.1319
2021-03-25,22.65,22.435,22.85,22.74,18621.0,22.84,-0.1318
2021-03-26,22.85,22.55,23.55,23.55,14311.0,22.924,3.562
2021-03-29,23.41,23.22,23.61,23.4,14659.0,23.04,-0.6369
2021-03-30,23.45,23.36,23.7,23.42,13282.0,23.176,0.0855
2021-03-31,23.47,23.3,23.49,23.34,23688.0,23.29,-0.3416
2021-04-01,23.38,23.14,23.69,23.67,22477.0,23.476,1.4139
2021-04-05,23.9,23.5,23.9,23.67,21217.0,23.5,0.0
2021-04-06,23.72,23.08,23.72,23.18,16574.0,23.456,-2.0701
2021-04-07,23.15,22.52,23.15,22.53,20437.0,23.278,-2.8041
2021-04-08,22.66,22.25,22.66,22.27,47639.0,23.064,-1.154
2021-04-09,22.23,21.85,22.52,22.35,27468.0,22.8,0.3592
2021-04-12,22.38,22.27,22.42,22.32,12143.0,22.53,-0.1342
2021-04-13,22.36,22.25,22.43,22.36,13049.0,22.366,0.1792
2021-04-14,22.41,22.36,22.73,22.42,10643.0,22.344,0.2683
2021-04-15,22.57,22.27,22.62,22.32,8095.0,22.354,-0.446
2021-04-16,22.5,22.23,22.51,22.44,12583.0,22.372,0.5376
2021-04-19,22.38,22.0,22.38,22.04,11539.0,22.316,-1.7825
2021-04-20,22.04,22.0,22.16,22.07,18156.0,22.258,0.1361
2021-04-21,22.02,22.02,22.28,22.16,18841.0,22.206,0.4078
2021-04-22,22.24,22.0,22.24,22.16,26622.0,22.174,0.0
2021-04-23,22.27,22.27,22.59,22.35,14852.0,22.156,0.8574
2021-04-26,22.4,22.4,22.57,22.52,9074.0,22.252,0.7606
2021-04-27,22.54,22.2,22.54,22.47,11763.0,22.332,-0.222
2021-04-28,22.48,22.4,22.53,22.49,7482.0,22.398,0.089
2021-04-29,22.67,22.29,22.67,22.49,7954.0,22.464,0.0
2021-04-30,22.33,22.24,22.59,22.52,24705.0,22.498,0.1334
2021-05-03,22.73,22.36,22.79,22.49,10237.0,22.492,-0.1332
2021-05-04,22.24,22.1,22.24,22.2,14977.0,22.438,-1.2895
2021-05-05,22.52,22.08,22.97,22.75,18039.0,22.49,2.4775
2021-05-06,22.83,22.51,23.13,23.13,22600.0,22.618,1.6703
2021-05-07,22.96,22.96,23.79,23.46,13150.0,22.806,1.4267
2021-05-10,23.47,22.85,23.48,22.88,22803.0,22.884,-2.4723
2021-05-11,23.6,23.6,25.04,24.03,22949.0,23.25,5.0262
2021-05-12,24.02,23.03,24.02,23.34,30273.0,23.368,-2.8714
2021-05-13,23.4,23.4,24.03,24.0,17940.0,23.542,2.8278
2021-05-14,24.11,23.84,24.12,24.09,11505.0,23.668,0.375
2021-05-17,24.07,23.915,24.71,24.61,17744.0,24.014,2.1586
2021-05-18,24.52,24.36,25.45,24.68,38522.0,24.144,0.2844
2021-05-19,24.32,24.32,24.81,24.74,18972.0,24.424,0.2431
2021-05-20,24.93,24.685,24.93,24.88,19767.0,24.6,0.5659
2021-05-21,25.13,24.87,25.13,24.97,20381.0,24.776,0.3617
2021-05-24,25.08,25.08,25.38,25.21,18872.0,24.896,0.9612
2021-05-25,25.33,25.33,25.72,25.46,19128.0,25.052,0.9917
2021-05-26,25.61,25.61,26.14,26.11,16201.0,25.326,2.553
2021-05-27,26.21,26.04,26.53,26.32,100001.0,25.614,0.8043
2021-05-28,26.35,25.47,26.35,26.06,23609.0,25.832,-0.9878
2021-06-01,26.09,25.74,26.11,25.78,21756.0,25.946,-1.0744
2021-06-02,25.82,25.09,25.82,25.5,26349.0,25.954,-1.0861
2021-06-03,25.5,25.21,26.04,25.98,22055.0,25.928,1.8824
2021-06-04,25.98,25.81,26.01,25.91,14705.0,25.846,-0.2694
2021-06-07,25.95,25.42,26.0,25.61,22497.0,25.756,-1.1579
2021-06-08,25.62,25.53,26.11,26.02,17759.0,25.804,1.6009
2021-06-09,26.0,25.53,26.0,25.76,25745.0,25.856,-0.9992
2021-06-10,25.79,25.73,26.08,25.77,10917.0,25.814,0.0388
2021-06-11,26.13,25.8,26.3,26.11,22614.0,25.854,1.3194
2021-06-14,26.09,25.51,26.18,25.97,12685.0,25.926,-0.5362
2021-06-15,26.01,25.94,26.555,26.44,19408.0,26.01,1.8098
2021-06-16,26.48,26.48,27.0,26.91,20298.0,26.24,1.7776
2021-06-17,26.89,26.7,27.13,26.85,15909.0,26.456,-0.223
2021-06-18,26.68,26.02,26.68,26.14,63315.0,26.462,-2.6443
2021-06-21,26.29,26.03,26.7,26.66,27782.0,26.6,1.9893
2021-06-22,26.55,26.36,26.55,26.48,16042.0,26.608,-0.6752
2021-06-23,26.51,26.37,26.62,26.62,17442.0,26.55,0.5287
2021-06-24,26.64,26.64,26.86,26.8,20372.0,26.54,0.6762
2021-06-25,26.81,26.01,27.11,26.01,219601.0,26.514,-2.9478
2021-06-28,26.26,25.77,26.26,25.82,17745.0,26.346,-0.7305
2021-06-29,25.88,25.11,25.88,25.15,20418.0,26.08,-2.5949
2021-06-30,25.04,24.61,25.16,25.06,22006.0,25.768,-0.3579
2021-07-01,25.18,25.18,25.84,25.8,14213.0,25.568,2.9529
2021-07-02,25.92,25.55,26.02,25.91,21465.0,25.548,0.4264
2021-07-06,25.87,25.18,25.87,25.38,10733.0,25.46,-2.0455
2021-07-07,25.25,25.15,25.78,25.71,26370.0,25.572,1.3002
2021-07-08,25.38,25.38,25.81,25.64,29338.0,25.688,-0.2723
2021-07-09,25.94,25.51,25.94,25.8,19028.0,25.688,0.624
2021-07-12,25.57,25.57,25.75,25.73,9923.0,25.652,-0.2713
2021-07-13,25.74,25.27,25.86,25.56,13202.0,25.688,-0.6607
2021-07-14,25.82,25.43,25.82,25.49,14381.0,25.644,-0.2739
2021-07-15,25.46,25.1,25.46,25.28,10959.0,25.572,-0.8239
2021-07-16,25.47,25.15,25.47,25.19,19864.0,25.45,-0.356
2021-07-19,24.82,24.12,24.83,24.24,11924.0,25.152,-3.7713
2021-07-20,24.37,24.37,24.93,24.58,31725.0,24.956,1.4026
2021-07-21,24.72,24.72,25.06,24.92,10843.0,24.842,1.3832
2021-07-22,24.91,24.71,25.15,25.08,18739.0,24.802,0.6421
2021-07-23,25.15,25.09,25.34,25.26,16897.0,24.816,0.7177
2021-07-26,25.35,25.35,25.5,25.41,8431.0,25.05,0.5938
2021-07-27,25.25,24.97,25.31,25.23,13978.0,25.18,-0.7084
2021-07-28,25.39,24.99,25.65,25.51,14249.0,25.298,1.1098
2021-07-29,25.92,25.5,26.23,25.55,23099.0,25.392,0.1568
2021-07-30,25.69,25.69,26.14,26.1,62317.0,25.56,2.1526
2021-08-02,26.16,25.99,26.61,26.22,37380.0,25.722,0.4598
2021-08-03,26.21,25.44,26.35,25.46,40282.0,25.768,-2.8986
2021-08-04,25.37,24.87,25.43,24.95,28953.0,25.656,-2.0031
2021-08-05,25.04,24.8,25.39,25.39,79976.0,25.624,1.7635
2021-08-06,25.56,24.94,25.99,25.4,54090.0,25.484,0.0394
2021-08-09,25.4,25.11,26.25,26.05,30223.0,25.45,2.5591
2021-08-10,26.09,25.86,26.55,26.46,32109.0,25.65,1.5739
2021-08-11,26.4,26.21,26.74,26.71,40770.0,26.002,0.9448
2021-08-12,26.56,26.33,26.67,26.47,24650.0,26.218,-0.8985
2021-08-13,26.56,26.3,26.56,26.36,12484.0,26.41,-0.4156
2021-08-16,26.25,25.98,26.53,26.48,26603.0,26.496,0.4552
2021-08-17,26.28,26.18,26.83,26.8,47801.0,26.564,1.2085
2021-08-18,26.82,26.54,27.13,27.11,68555.0,26.644,1.1567
2021-08-19,26.95,26.48,27.0,26.55,45003.0,26.66,-2.0657
2021-08-20,26.56,26.44,26.8,26.59,26815.0,26.706,0.1507
2021-08-23,26.69,26.27,26.71,26.44,21866.0,26.698,-0.5641
2021-08-24,26.51,26.3,26.67,26.55,15570.0,26.648,0.416
2021-08-25,26.59,26.48,26.77,26.51,13833.0,26.528,-0.1507
2021-08-26,26.57,26.2,26.57,26.24,17646.0,26.466,-1.0185
2021-08-27,26.33,26.33,26.69,26.58,21114.0,26.464,1.2957
2021-08-30,26.59,26.33,26.81,26.74,20276.0,26.524,0.602
2021-08-31,26.64,26.64,26.9,26.87,18851.0,26.588,0.4862
2021-09-01,26.83,26.66,26.92,26.74,19674.0,26.634,-0.4838
2021-09-02,26.9,26.61,27.13,27.04,41377.0,26.794,1.1219
2021-09-03,26.88,26.66,27.06,26.68,12908.0,26.814,-1.3314
2021-09-07,26.71,26.0,26.72,26.03,13046.0,26.672,-2.4363
2021-09-08,25.95,25.42,25.95,25.52,16817.0,26.402,-1.9593
2021-09-09,25.43,25.12,25.75,25.12,24033.0,26.078,-1.5674
2021-09-10,25.22,24.77,25.8,25.76,35643.0,25.822,2.5478
2021-09-13,26.0,25.76,26.3,26.25,55267.0,25.736,1.9022
2021-09-14,26.2,25.85,26.78,26.09,39976.0,25.748,-0.6095
2021-09-15,26.13,25.435,26.13,25.48,25335.0,25.74,-2.3381
2021-09-16,25.68,25.43,25.83,25.8,15178.0,25.876,1.2559
2021-09-17,25.63,25.53,25.89,25.76,58993.0,25.876,-0.155
2021-09-20,25.73,24.85,25.73,25.15,35109.0,25.656,-2.368
2021-09-21,25.19,25.05,25.36,25.06,13041.0,25.45,-0.3579
2021-09-22,25.21,24.98,25.29,25.09,18277.0,25.372,0.1197
2021-09-23,25.24,25.24,25.67,25.36,21024.0,25.284,1.0761
2021-09-24,25.25,25.25,25.49,25.45,9057.0,25.222,0.3549
2021-09-27,25.4,25.4,26.27,25.74,21342.0,25.34,1.1395
2021-09-28,25.69,24.99,25.69,25.06,20439.0,25.34,-2.6418
2021-09-29,25.2,24.92,25.45,25.15,35867.0,25.352,0.3591
2021-09-30,25.28,24.87,25.32,24.87,24988.0,25.254,-1.1133
2021-10-01,25.02,24.89,25.23,25.01,24158.0,25.166,0.5629
2021-10-04,24.87,24.39,24.87,24.65,34331.0,24.948,-1.4394
2021-10-05,24.73,24.73,25.04,25.0,17225.0,24.936,1.4199
2021-10-06,24.75,24.68,24.99,24.83,19940.0,24.872,-0.68
2021-10-07,25.05,24.89,25.27,24.92,33154.0,24.882,0.3625
2021-10-08,24.91,24.81,25.06,24.87,11187.0,24.854,-0.2006
2021-10-11,24.98,24.39,24.98,24.41,20593.0,24.806,-1.8496
2021-10-12,24.28,24.06,24.53,24.1,23445.0,24.626,-1.27
2021-10-13,24.09,23.82,24.19,24.12,20377.0,24.484,0.083
2021-10-14,24.36,24.29,24.67,24.63,20434.0,24.426,2.1144
2021-10-15,25.0,24.87,25.16,24.99,49739.0,24.45,1.4616
2021-10-18,24.93,24.89,25.17,24.9,35993.0,24.548,-0.3601
2021-10-19,25.06,24.97,25.43,25.29,44483.0,24.786,1.5663
2021-10-20,25.38,25.38,25.97,25.74,71849.0,25.11,1.7794
2021-10-21,25.8,25.75,25.92,25.75,48979.0,25.334,0.0389
2021-10-22,25.76,25.62,25.96,25.73,28790.0,25.482,-0.0777
2021-10-25,25.74,25.71,26.07,25.88,26391.0,25.678,0.583
2021-10-26,25.96,25.93,26.71,26.4,24374.0,25.9,2.0093
2021-10-27,26.4,25.58,26.4,25.58,16694.0,25.868,-3.1061
2021-10-28,25.57,25.56,25.82,25.68,20870.0,25.854,0.3909
2021-10-29,25.57,25.57,25.85,25.64,27620.0,25.836,-0.1558
2021-11-01,25.65,25.65,26.0,25.93,16936.0,25.846,1.131
2021-11-02,26.03,25.9,26.52,26.37,38504.0,25.84,1.6969
2021-11-03,26.2,26.2,26.98,26.68,40813.0,26.06,1.1756
2021-11-04,26.73,26.61,26.83,26.78,16448.0,26.28,0.3748
2021-11-05,27.01,27.01,27.25,27.07,45752.0,26.566,1.0829
2021-11-08,27.3,26.8,27.49,26.82,92475.0,26.744,-0.9235
2021-11-09,26.88,26.68,27.08,26.69,143105.0,26.808,-0.4847
2021-11-10,29.25,27.9,29.25,27.92,67121.0,27.056,4.6085
2021-11-11,27.74,27.45,28.02,27.9,35041.0,27.28,-0.0716
2021-11-12,27.92,27.78,28.09,27.89,24928.0,27.444,-0.0358
2021-11-15,27.8,27.23,27.8,27.33,26703.0,27.546,-2.0079
2021-11-16,27.23,27.1,27.44,27.41,25002.0,27.69,0.2927
2021-11-17,27.34,27.0,27.34,27.07,23826.0,27.52,-1.2404
2021-11-18,27.04,27.0,27.58,27.22,36780.0,27.384,0.5541
2021-11-19,27.0,27.0,27.62,27.57,23786.0,27.32,1.2858
2021-11-22,27.71,27.44,28.0,27.46,27565.0,27.346,-0.399
2021-11-23,27.35,27.295,27.82,27.78,27391.0,27.42,1.1653
2021-11-24,27.75,27.71,27.86,27.78,17055.0,27.562,0.0
2021-11-26,27.26,26.21,27.26,26.58,18856.0,27.434,-4.3197
2021-11-29,26.64,26.0,26.64,26.06,25889.0,27.132,-1.9564
2021-11-30,25.79,25.31,25.97,25.36,88538.0,26.712,-2.6861
2021-12-01,25.83,25.01,26.83,25.03,44677.0,26.162,-1.3013
2021-12-02,25.1,25.1,25.54,25.27,30485.0,25.66,0.9588
2021-12-03,25.45,24.97,25.45,25.11,25371.0,25.366,-0.6332
2021-12-06,25.39,25.39,25.71,25.47,15512.0,25.248,1.4337
2021-12-07,25.78,25.35,25.94,25.45,18952.0,25.266,-0.0785
2021-12-08,25.68,25.32,25.7,25.5,22296.0,25.36,0.1965
2021-12-09,25.31,25.03,25.37,25.11,16208.0,25.328,-1.5294
2021-12-10,25.0,25.0,25.2,25.17,17218.0,25.34,0.2389
2021-12-13,25.18,25.13,25.68,25.53,26070.0,25.352,1.4303
2021-12-14,25.52,25.46,26.07,26.01,43289.0,25.464,1.8801
2021-12-15,25.96,25.9,26.19,26.1,26062.0,25.584,0.346
2021-12-16,26.35,26.04,26.37,26.28,26242.0,25.818,0.6897
2021-12-17,26.07,26.04,26.38,26.26,68157.0,26.036,-0.0761
2021-12-20,25.92,25.09,25.92,25.32,36323.0,25.994,-3.5796
2021-12-21,25.37,25.2,25.67,25.24,32309.0,25.84,-0.316
2021-12-22,25.23,25.2,25.38,25.34,18070.0,25.688,0.3962
2021-12-23,25.51,25.22,25.53,25.26,16269.0,25.484,-0.3157
2021-12-27,25.39,25.05,25.41,25.33,16339.0,25.298,0.2771
2021-12-28,25.35,25.0,25.35,25.11,20709.0,25.256,-0.8685
2021-12-29,25.03,24.89,25.17,24.93,19607.0,25.194,-0.7168
2021-12-30,24.81,24.81,25.05,24.99,16109.0,25.124,0.2407
2021-12-31,24.96,24.95,26.39,26.21,34442.0,25.314,4.882
2022-01-03,26.14,25.94,26.71,26.67,34734.0,25.582,1.7551
2022-01-04,26.98,26.36,27.11,26.54,23136.0,25.868,-0.4874
2022-01-05,26.54,26.05,26.65,26.05,25648.0,26.092,-1.8463
2022-01-06,26.08,25.59,26.08,25.76,23743.0,26.246,-1.1132
2022-01-07,25.74,25.39,25.82,25.53,13674.0,26.11,-0.8929
2022-01-10,25.56,24.81,25.56,25.02,14247.0,25.78,-1.9976
2022-01-11,25.0,24.95,25.98,25.89,16330.0,25.65,3.4772
2022-01-12,26.07,25.61,26.07,25.87,33904.0,25.614,-0.0772
2022-01-13,25.93,25.93,26.24,26.13,21228.0,25.688,1.005
2022-01-14,26.0,25.85,26.45,26.23,19301.0,25.828,0.3827
2022-01-18,25.98,25.36,25.98,25.68,28793.0,25.96,-2.0968
2022-01-19,25.73,25.17,25.8,25.24,22511.0,25.83,-1.7134
2022-01-20,25.32,24.68,25.62,24.75,33242.0,25.606,-1.9414
2022-01-21,24.62,24.01,24.62,24.02,41010.0,25.184,-2.9495
2022-01-24,23.69,23.31,24.16,24.07,31230.0,24.752,0.2082
2022-01-25,23.72,23.17,23.74,23.24,27330.0,24.264,-3.4483
2022-01-26,23.45,22.89,23.82,23.06,22252.0,23.828,-0.7745
2022-01-27,23.26,22.9,23.26,23.04,16823.0,23.486,-0.0867
2022-01-28,22.92,22.69,23.46,23.45,17338.0,23.372,1.7795
2022-01-31,23.24,23.24,24.03,23.99,20554.0,23.356,2.3028
2022-02-01,23.99,23.83,24.25,24.17,13215.0,23.542,0.7503
2022-02-02,24.19,23.83,24.19,24.0,16679.0,23.73,-0.7034
2022-02-03,23.87,23.55,23.95,23.6,20127.0,23.842,-1.6667
2022-02-04,23.6,23.6,24.01,23.98,24927.0,23.948,1.6102
2022-02-07,23.79,23.65,23.94,23.8,12703.0,23.91,-0.7506
2022-02-08,23.9,23.73,23.905,23.79,19086.0,23.834,-0.042
2022-02-09,23.98,23.96,24.14,24.08,20866.0,23.85,1.219
2022-02-10,23.9,23.8,24.16,23.98,30098.0,23.926,-0.4153
2022-02-11,24.01,23.46,24.19,23.77,35248.0,23.884,-0.8757
2022-02-14,23.86,23.34,23.9,23.59,35604.0,23.842,-0.7573
2022-02-15,23.89,23.89,24.16,24.1,20000.0,23.904,2.1619
2022-02-16,23.97,23.41,24.0,23.9,39069.0,23.868,-0.8299
2022-02-17,23.65,23.46,23.65,23.54,31360.0,23.78,-1.5063
2022-02-18,23.39,23.39,23.62,23.55,25784.0,23.736,0.0425
2022-02-22,23.46,23.43,23.97,23.62,25236.0,23.742,0.2972
2022-02-23,23.68,23.18,23.68,23.28,31796.0,23.578,-1.4395
2022-02-24,22.77,22.75,23.25,23.22,31989.0,23.442,-0.2577
2022-02-25,23.38,23.37,23.75,23.71,22712.0,23.476,2.1102
2022-02-28,23.47,23.42,23.78,23.49,46778.0,23.464,-0.9279
2022-03-01,23.5,22.65,23.5,22.74,25815.0,23.288,-3.1928
2022-03-02,22.97,22.97,23.43,23.21,20100.0,23.274,2.0668
2022-03-03,23.41,22.99,23.41,23.18,21392.0,23.266,-0.1293
2022-03-04,22.89,21.98,22.89,22.13,19234.0,22.95,-4.5298
2022-03-07,22.12,21.15,22.12,21.21,26459.0,22.494,-4.1573
2022-03-08,21.32,20.74,21.5,21.06,23878.0,22.158,-0.7072
2022-03-09,21.58,21.56,21.78,21.7,18266.0,21.856,3.0389
2022-03-10,21.41,21.09,21.41,21.37,12610.0,21.494,-1.5207
2022-03-11,21.51,20.86,21.51,20.9,12513.0,21.248,-2.1993
2022-03-14,21.06,20.89,21.21,21.06,17503.0,21.218,0.7656
2022-03-15,21.3,21.06,21.445,21.13,13363.0,21.232,0.3324
2022-03-16,21.36,21.36,22.08,22.01,22171.0,21.294,4.1647
2022-03-17,21.83,21.83,22.1,22.09,15518.0,21.438,0.3635
2022-03-18,22.0,21.95,22.65,22.58,73572.0,21.774,2.2182
2022-03-21,22.63,22.25,22.63,22.51,24569.0,22.064,-0.31
2022-03-22,22.56,22.56,22.92,22.79,17202.0,22.396,1.2439
2022-03-23,22.62,22.35,22.62,22.41,23503.0,22.476,-1.6674
2022-03-24,22.47,22.45,22.83,22.78,10361.0,22.614,1.651
2022-03-25,22.76,22.76,23.01,22.98,15786.0,22.694,0.878
2022-03-28,22.84,22.63,22.84,22.66,8788.0,22.724,-1.3925
2022-03-29,22.97,22.97,23.35,23.29,12711.0,22.824,2.7802
2022-03-30,23.25,22.71,23.25,22.81,20929.0,22.904,-2.061
2022-03-31,22.71,22.23,22.77,22.25,39229.0,22.798,-2.4551
2022-04-01,22.5,22.31,22.82,22.78,23431.0,22.758,2.382
2022-04-04,22.89,22.72,23.16,23.0,19827.0,22.826,0.9658
2022-04-05,23.13,22.61,23.2,22.65,22141.0,22.698,-1.5217
2022-04-06,22.45,22.15,22.49,22.33,27409.0,22.602,-1.4128
2022-04-07,22.26,21.5,22.27,21.78,99686.0,22.508,-2.4631
2022-04-08,21.81,21.77,22.11,21.81,19108.0,22.314,0.1377
2022-04-11,21.68,21.32,21.74,21.38,11102.0,21.99,-1.9716
2022-04-12,21.58,21.51,21.89,21.65,16328.0,21.79,1.2629
2022-04-13,21.64,21.34,21.64,21.4,20454.0,21.604,-1.1547
2022-04-14,21.53,20.9,21.53,20.93,32259.0,21.434,-2.1963
2022-04-18,20.81,20.49,20.81,20.73,12418.0,21.218,-0.9556
2022-04-19,20.78,20.78,21.61,21.54,16656.0,21.25,3.9074
2022-04-20,21.71,21.28,21.71,21.34,12201.0,21.188,-0.9285
2022-04-21,21.58,20.59,21.58,20.79,20924.0,21.066,-2.5773
2022-04-22,20.86,20.23,20.86,20.25,22139.0,20.93,-2.5974
2022-04-25,20.03,20.01,20.6,20.6,11244.0,20.904,1.7284
2022-04-26,20.43,20.18,20.43,20.27,17643.0,20.65,-1.6019
2022-04-27,20.36,20.04,20.43,20.1,17532.0,20.402,-0.8387
2022-04-28,20.46,20.08,20.86,20.68,18895.0,20.38,2.8856
2022-04-29,20.23,19.02,20.23,19.23,63977.0,20.176,-7.0116
2022-05-02,19.13,19.0,19.74,19.2,31168.0,19.896,-0.156
2022-05-03,19.33,19.16,19.84,19.63,19831.0,19.768,2.2396
2022-05-04,19.6,19.47,20.08,20.01,17996.0,19.75,1.9358
2022-05-05,19.76,19.11,19.76,19.42,27182.0,19.498,-2.9485
2022-05-06,19.21,19.15,19.53,19.4,25204.0,19.532,-0.103
2022-05-09,19.2,18.5,19.24,18.62,40441.0,19.416,-4.0206
2022-05-10,18.89,17.96,18.89,18.16,38131.0,19.122,-2.4705
2022-05-11,18.16,18.06,18.47,18.1,20890.0,18.74,-0.3304
2022-05-12,18.06,18.05,18.65,18.51,36078.0,18.558,2.2652
2022-05-13,18.81,18.81,19.52,19.02,26270.0,18.482,2.7553
2022-05-16,19.06,19.0,19.46,19.32,25555.0,18.622,1.5773
2022-05-17,19.68,19.68,19.95,19.74,21093.0,18.938,2.1739
2022-05-18,19.54,18.79,19.54,18.89,16016.0,19.096,-4.306
2022-05-19,18.62,18.62,19.14,18.75,19033.0,19.144,-0.7411
2022-05-20,18.94,18.69,19.17,19.17,21621.0,19.174,2.24
2022-05-23,19.35,19.23,19.76,19.59,18503.0,19.228,2.1909
2022-05-24,19.48,19.01,19.66,19.64,20595.0,19.208,0.2552
2022-05-25,19.44,19.44,20.0,19.93,27873.0,19.416,1.4766
2022-05-26,20.15,20.15,20.59,20.46,21363.0,19.758,2.6593
2022-05-27,20.55,20.55,21.0,20.94,17525.0,20.112,2.346
2022-05-31,20.79,20.59,20.89,20.89,58315.0,20.372,-0.2388
2022-06-01,20.82,20.6,21.21,21.14,29198.0,20.672,1.1967
2022-06-02,21.05,20.92,21.41,21.1,17770.0,20.906,-0.1892
2022-06-03,20.9,20.64,20.97,20.74,36358.0,20.962,-1.7062
2022-06-06,21.09,20.8,21.27,20.89,26705.0,20.952,0.7232
2022-06-07,20.64,20.64,21.07,20.72,20594.0,20.918,-0.8138
2022-06-08,20.56,20.13,20.8,20.31,22378.0,20.752,-1.9788
2022-06-09,20.22,19.7,20.22,19.78,23718.0,20.488,-2.6096
2022-06-10,19.37,18.73,19.41,19.26,38083.0,20.192,-2.6289
2022-06-13,18.72,18.41,18.72,18.55,27244.0,19.724,-3.6864
2022-06-14,18.82,18.37,18.82,18.68,26028.0,19.316,0.7008
2022-06-15,18.78,18.76,19.27,18.98,86247.0,19.05,1.606
2022-06-16,18.61,18.23,18.61,18.26,87993.0,18.746,-3.7935
2022-06-17,18.4,17.99,18.4,18.07,115242.0,18.508,-1.0405
2022-06-21,18.24,18.05,18.38,18.07,81836.0,18.412,0.0
2022-06-22,17.92,17.92,18.53,18.32,86697.0,18.34,1.3835
2022-06-23,18.46,18.45,18.78,18.63,29905.0,18.27,1.6921
2022-06-24,18.85,18.85,19.9,19.05,261239.0,18.428,2.2544
2022-06-27,19.22,19.1,19.73,19.67,39199.0,18.748,3.2546
2022-06-28,19.78,19.45,19.78,19.51,33415.0,19.036,-0.8134
2022-06-29,19.58,18.8,19.58,18.86,22525.0,19.144,-3.3316
2022-06-30,18.7,18.34,18.78,18.77,30263.0,19.172,-0.4772
2022-07-01,18.77,18.46,18.88,18.78,25745.0,19.118,0.0533
2022-07-05,18.44,17.94,18.64,18.61,41206.0,18.906,-0.9052
2022-07-06,18.68,18.31,18.68,18.31,35178.0,18.666,-1.612
2022-07-07,18.17,18.17,18.38,18.33,34974.0,18.56,0.1092
2022-07-08,18.35,17.96,18.35,18.03,47887.0,18.412,-1.6367
2022-07-11,17.88,17.48,17.88,17.54,30245.0,18.164,-2.7177
2022-07-12,17.37,17.37,17.77,17.54,21013.0,17.95,0.0
2022-07-13,17.29,17.21,17.43,17.35,22069.0,17.758,-1.0832
2022-07-14,17.07,16.9,17.28,17.16,27078.0,17.524,-1.0951
2022-07-15,17.47,17.2,17.78,17.67,33910.0,17.452,2.972
2022-07-18,17.93,17.54,18.09,17.56,25901.0,17.456,-0.6225
2022-07-19,17.86,17.84,18.25,18.21,29035.0,17.59,3.7016
2022-07-20,18.06,18.06,18.56,18.36,21992.0,17.792,0.8237
2022-07-21,18.19,18.19,18.8,18.74,19286.0,18.108,2.0697
2022-07-22,18.68,18.37,18.9,18.53,24548.0,18.28,-1.1206
2022-07-25,18.71,18.52,18.89,18.58,22314.0,18.484,0.2698
2022-07-26,18.41,18.36,18.54,18.5,20645.0,18.542,-0.4306
2022-07-27,18.54,18.54,18.86,18.84,20982.0,18.638,1.8378
2022-07-28,18.76,18.73,18.93,18.87,20227.0,18.664,0.1592
2022-07-29,18.76,18.76,19.05,18.99,21366.0,18.756,0.6359
2022-08-01,18.79,18.79,19.95,19.74,27952.0,18.988,3.9494
2022-08-02,19.64,19.64,20.115,19.69,18000.0,19.226,-0.2533
2022-08-03,19.75,19.67,20.08,20.08,21877.0,19.474,1.9807
2022-08-04,20.42,20.07,21.2,20.09,30443.0,19.718,0.0498
2022-08-05,20.11,20.11,20.58,20.16,31527.0,19.952,0.3484
2022-08-08,20.21,19.95,20.34,20.11,28809.0,20.026,-0.248
2022-08-09,20.09,19.94,20.27,20.24,32680.0,20.136,0.6464
2022-08-10,20.65,20.65,20.93,20.85,20523.0,20.29,3.0138
2022-08-11,21.09,20.86,21.16,20.87,12425.0,20.446,0.0959
2022-08-12,20.98,20.98,21.39,21.36,16224.0,20.686,2.3479
2022-08-15,21.19,21.16,21.7,21.66,17894.0,20.996,1.4045
2022-08-16,21.59,21.59,21.76,21.69,21059.0,21.286,0.1385
2022-08-17,21.46,21.46,21.73,21.62,14968.0,21.44,-0.3227
2022-08-18,21.5,21.5,21.75,21.74,16061.0,21.614,0.555
2022-08-19,21.56,21.32,21.63,21.35,31932.0,21.612,-1.7939
2022-08-22,21.08,20.85,21.08,20.95,17388.0,21.47,-1.8735
2022-08-23,20.86,20.86,21.18,21.09,15739.0,21.35,0.6683
2022-08-24,20.98,20.89,21.13,20.91,15651.0,21.208,-0.8535
2022-08-25,21.04,20.92,21.1,21.03,10554.0,21.066,0.5739
2022-08-26,21.02,20.0,21.02,20.02,16066.0,20.8,-4.8027
2022-08-29,19.79,19.62,19.87,19.62,11815.0,20.534,-1.998
2022-08-30,19.71,19.19,19.71,19.54,14626.0,20.224,-0.4077
2022-08-31,19.73,19.34,19.74,19.34,12426.0,19.91,-1.0235
2022-09-01,19.24,19.05,19.4,19.38,17622.0,19.58,0.2068
2022-09-02,19.49,18.95,19.62,19.09,17649.0,19.394,-1.4964
2022-09-06,19.1,18.85,19.1,19.0,9955.0,19.27,-0.4715
2022-09-07,18.95,18.95,19.28,19.25,20059.0,19.212,1.3158
2022-09-08,19.04,19.03,19.42,19.41,16872.0,19.226,0.8312
2022-09-09,19.59,19.59,19.89,19.75,14571.0,19.3,1.7517
2022-09-12,19.97,19.69,19.97,19.72,12792.0,19.426,-0.1519
2022-09-13,19.39,19.08,19.41,19.17,21145.0,19.46,-2.789
2022-09-14,19.13,19.03,19.37,19.36,16719.0,19.482,0.9911
2022-09-15,19.21,19.21,19.67,19.42,17607.0,19.484,0.3099
2022-09-16,19.3,19.19,19.54,19.41,93279.0,19.416,-0.0515
2022-09-19,19.34,19.34,20.03,20.0,38245.0,19.472,3.0397
2022-09-20,19.77,19.56,20.04,19.63,32877.0,19.564,-1.85
2022-09-21,19.62,19.58,20.4,19.63,51114.0,19.618,0.0
2022-09-22,19.54,19.16,19.54,19.25,23141.0,19.584,-1.9358
2022-09-23,18.95,18.49,18.95,18.55,26125.0,19.412,-3.6364
2022-09-26,18.7,18.45,18.82,18.55,15622.0,19.122,0.0
2022-09-27,18.6,18.39,18.67,18.64,18122.0,18.924,0.4852
2022-09-28,18.72,18.6,18.77,18.64,30874.0,18.726,0.0
2022-09-29,18.46,18.13,18.47,18.41,26527.0,18.558,-1.2339
2022-09-30,18.3,18.22,18.73,18.29,50768.0,18.506,-0.6518
2022-10-03,18.6,18.21,18.6,18.48,24412.0,18.492,1.0388
2022-10-04,18.75,18.75,19.15,19.15,57016.0,18.594,3.6255
2022-10-05,18.82,18.82,19.2,19.0,26693.0,18.666,-0.7833
2022-10-06,18.93,18.89,19.47,19.24,17995.0,18.832,1.2632
2022-10-07,19.0,18.47,19.0,18.67,25713.0,18.908,-2.9626
2022-10-10,18.77,18.68,19.0,18.8,17663.0,18.972,0.6963
2022-10-11,18.62,17.61,18.62,17.64,38943.0,18.67,-6.1702
2022-10-12,17.61,17.25,17.61,17.25,23857.0,18.32,-2.2109
2022-10-13,17.01,16.89,18.22,18.21,25686.0,18.114,5.5652
2022-10-14,18.37,17.63,18.37,17.72,14342.0,17.924,-2.6908
2022-10-17,18.01,18.01,18.5,18.35,20940.0,17.834,3.5553
2022-10-18,18.67,18.19,18.72,18.32,15362.0,17.97,-0.1635
2022-10-19,18.1,18.04,18.34,18.32,16889.0,18.184,0.0
2022-10-20,18.18,18.0,18.3,18.06,12005.0,18.154,-1.4192
2022-10-21,18.18,18.02,18.53,18.49,20366.0,18.308,2.381
2022-10-24,18.61,18.5,18.69,18.54,11208.0,18.346,0.2704
2022-10-25,18.59,18.59,19.09,19.04,13083.0,18.49,2.6969
2022-10-26,19.18,18.97,19.29,18.98,16164.0,18.622,-0.3151
2022-10-27,19.1,19.1,19.55,19.39,13453.0,18.888,2.1602
2022-10-28,19.55,19.55,20.51,20.47,17463.0,19.284,5.5699
2022-10-31,20.27,20.27,20.89,20.71,26584.0,19.718,1.1724
2022-11-01,21.03,20.3,21.03,20.44,24524.0,19.998,-1.3037
2022-11-02,21.99,21.45,23.32,23.11,77262.0,20.824,13.0626
2022-11-03,22.83,22.82,23.64,23.51,20357.0,21.648,1.7309
2022-11-04,23.63,23.3,23.91,23.77,19127.0,22.308,1.1059
2022-11-07,24.0,23.68,24.0,23.84,18700.0,22.934,0.2945
2022-11-08,23.84,23.76,24.23,23.8,16959.0,23.606,-0.1678
2022-11-09,24.01,23.57,24.15,23.65,24856.0,23.714,-0.6303
2022-11-10,24.36,24.02,24.83,24.39,42325.0,23.89,3.129
2022-11-11,24.55,23.08,24.55,23.56,31605.0,23.848,-3.403
2022-11-14,23.35,23.29,23.91,23.59,29412.0,23.798,0.1273
2022-11-15,23.91,23.04,23.91,23.14,81342.0,23.666,-1.9076
2022-11-16,23.29,23.29,23.82,23.52,43940.0,23.64,1.6422
2022-11-17,23.4,23.27,23.83,23.46,26087.0,23.454,-0.2551
2022-11-18,23.83,23.51,23.83,23.67,34394.0,23.476,0.8951
2022-11-21,23.44,23.44,24.18,24.04,17524.0,23.566,1.5632
2022-11-22,24.25,24.08,24.31,24.23,15031.0,23.784,0.7903
2022-11-23,24.18,24.17,24.38,24.22,13995.0,23.924,-0.0413
2022-11-25,24.11,24.11,24.35,24.31,4722.0,24.094,0.3716
2022-11-28,24.3,24.14,24.42,24.2,15018.0,24.2,-0.4525
2022-11-29,24.25,23.98,24.39,24.2,19668.0,24.232,0.0
2022-11-30,24.33,24.22,24.93,24.86,56556.0,24.358,2.7273
2022-12-01,25.03,24.7,25.04,24.84,23335.0,24.482,-0.0805
2022-12-02,24.55,24.55,25.09,24.79,21702.0,24.578,-0.2013
2022-12-05,24.59,24.3,24.6,24.38,22863.0,24.614,-1.6539
2022-12-06,24.38,24.25,24.64,24.4,17501.0,24.654,0.082
2022-12-07,24.24,23.88,24.27,24.11,20208.0,24.504,-1.1885
2022-12-08,24.02,24.02,24.33,24.31,16138.0,24.398,0.8295
2022-12-09,24.21,24.21,24.42,24.31,11554.0,24.302,0.0
2022-12-12,24.3,24.15,24.3,24.3,21078.0,24.286,-0.0411
2022-12-13,24.96,24.28,25.17,24.28,31653.0,24.262,-0.0823
2022-12-14,24.31,23.9,24.48,24.4,37237.0,24.32,0.4942
2022-12-15,24.4,23.55,24.4,23.56,42154.0,24.17,-3.4426
2022-12-16,23.3,23.07,23.4,23.09,96983.0,23.926,-1.9949
2022-12-19,23.07,22.8,23.21,22.93,32860.0,23.652,-0.6929
2022-12-20,23.01,23.01,23.24,23.06,14749.0,23.408,0.5669
2022-12-21,23.27,23.27,23.58,23.5,19900.0,23.228,1.9081
2022-12-22,23.36,22.97,23.36,23.1,14872.0,23.136,-1.7021
2022-12-23,23.03,22.89,23.2,22.99,13394.0,23.116,-0.4762
2022-12-27,23.15,22.77,23.15,22.77,12599.0,23.084,-0.9569
2022-12-28,22.77,22.67,23.0,22.82,13453.0,23.036,0.2196
2022-12-29,22.88,22.88,23.16,23.07,22279.0,22.95,1.0955
2022-12-30,22.94,22.74,23.08,23.0,27461.0,22.93,-0.3034
2023-01-03,23.18,23.18,23.66,23.58,31120.0,23.048,2.5217
2023-01-04,23.58,23.37,23.82,23.44,17667.0,23.182,-0.5937
2023-01-05,23.57,23.08,23.57,23.11,19132.0,23.24,-1.4078
2023-01-06,23.31,23.24,24.17,24.06,19846.0,23.438,4.1108
2023-01-09,24.21,23.56,24.21,23.66,35835.0,23.57,-1.6625
2023-01-10,23.85,23.85,24.35,24.24,13107.0,23.702,2.4514
2023-01-11,24.56,24.03,24.58,24.48,17792.0,23.91,0.9901
2023-01-12,24.51,24.51,24.78,24.72,14681.0,24.232,0.9804
2023-01-13,24.62,24.62,24.95,24.8,33176.0,24.38,0.3236
2023-01-17,24.75,24.74,24.95,24.87,27100.0,24.622,0.2823
2023-01-18,24.9,24.5,25.02,24.58,22969.0,24.69,-1.1661
2023-01-19,24.52,23.9,24.52,24.24,18210.0,24.642,-1.3832
2023-01-20,24.43,24.43,24.78,24.77,32980.0,24.652,2.1865
2023-01-23,26.7,24.94,26.7,25.65,50113.0,24.822,3.5527
2023-01-24,25.54,25.4,25.82,25.8,27133.0,25.008,0.5848
2023-01-25,25.62,25.46,26.28,26.1,41811.0,25.312,1.1628
2023-01-26,26.23,26.02,26.54,26.54,24118.0,25.772,1.6858
2023-01-27,26.51,26.35,26.67,26.48,24030.0,26.114,-0.2261
2023-01-30,26.44,26.14,26.51,26.5,32449.0,26.284,0.0755
2023-01-31,26.6,26.44,26.62,26.54,43725.0,26.432,0.1509
2023-02-01,26.32,26.32,27.46,27.27,40676.0,26.666,2.7506
2023-02-02,27.47,27.06,27.58,27.33,17153.0,26.824,0.22
2023-02-03,27.19,27.19,27.71,27.26,24522.0,26.98,-0.2561
2023-02-06,27.15,26.65,27.32,26.87,25253.0,27.054,-1.4307
2023-02-07,26.78,26.78,27.43,27.43,23762.0,27.232,2.0841
2023-02-08,27.34,26.96,27.52,27.43,17847.0,27.264,0.0
2023-02-09,27.59,26.85,27.59,26.87,14844.0,27.172,-2.0416
2023-02-10,26.68,26.48,26.8,26.69,19179.0,27.058,-0.6699
2023-02-13,26.87,26.87,27.48,27.38,28222.0,27.16,2.5852
2023-02-14,27.3,27.3,27.6,27.31,28147.0,27.136,-0.2557
2023-02-15,27.05,26.96,27.52,27.5,22161.0,27.15,0.6957
2023-02-16,27.15,27.15,27.5,27.4,20504.0,27.256,-0.3636
2023-02-17,27.38,27.36,27.5,27.49,20609.0,27.416,0.3285
2023-02-21,27.2,26.73,27.2,26.75,27266.0,27.29,-2.6919
2023-02-22,26.72,26.5,26.95,26.76,43133.0,27.18,0.0374
2023-02-23,28.79,27.5,30.7,30.4,177062.0,27.76,13.6024
2023-02-24,30.64,29.84,30.64,30.57,57265.0,28.394,0.5592
2023-02-27,30.75,30.23,30.79,30.78,56015.0,29.052,0.6869
2023-02-28,30.61,30.56,31.63,31.3,58010.0,29.962,1.6894
2023-03-01,31.25,31.05,31.51,31.45,33933.0,30.9,0.4792
2023-03-02,31.19,31.06,31.39,31.25,28574.0,31.07,-0.6359
2023-03-03,31.24,31.22,31.99,31.75,38575.0,31.306,1.6
2023-03-06,31.78,31.47,31.78,31.75,30325.0,31.5,0.0
2023-03-07,31.75,31.1,31.75,31.23,23573.0,31.486,-1.6378
2023-03-08,31.19,31.15,31.47,31.25,23992.0,31.446,0.064
2023-03-09,31.11,29.92,31.11,29.94,34422.0,31.184,-4.192
2023-03-10,29.66,29.26,29.8,29.36,34086.0,30.706,-1.9372
2023-03-13,28.53,28.5,29.41,29.17,44249.0,30.19,-0.6471
2023-03-14,29.9,29.71,30.29,30.05,59693.0,29.954,3.0168
2023-03-15,29.33,29.33,30.35,30.3,66085.0,29.764,0.8319
2023-03-16,29.97,29.93,31.7,31.22,74620.0,30.02,3.0363
2023-03-17,30.91,30.65,31.27,30.69,135950.0,30.286,-1.6976
2023-03-20,30.91,30.4,31.04,30.52,31006.0,30.556,-0.5539
2023-03-21,30.98,30.98,31.73,31.62,34516.0,30.87,3.6042
2023-03-22,31.6,30.39,31.6,30.42,34058.0,30.894,-3.7951
2023-03-23,30.56,30.24,30.83,30.61,34337.0,30.772,0.6246
2023-03-24,30.31,30.07,30.63,30.61,27092.0,30.756,0.0
2023-03-27,30.82,30.69,31.07,30.78,41676.0,30.808,0.5554
2023-03-28,30.63,30.63,31.36,31.17,30276.0,30.718,1.2671
2023-03-29,31.42,31.09,31.42,31.22,26873.0,30.878,0.1604
2023-03-30,31.42,30.66,31.5,30.75,28491.0,30.906,-1.5054
2023-03-31,30.96,30.96,31.45,31.45,64398.0,31.074,2.2764
2023-04-03,31.43,30.96,31.5,31.27,25873.0,31.172,-0.5723
2023-04-04,31.34,30.33,31.34,30.38,28793.0,31.014,-2.8462
2023-04-05,30.12,29.86,30.47,30.22,29593.0,30.814,-0.5267
2023-04-06,30.24,30.23,30.62,30.33,13993.0,30.73,0.364
2023-04-10,30.26,30.26,30.66,30.5,56115.0,30.54,0.5605
2023-04-11,31.21,30.72,31.29,30.86,51658.0,30.458,1.1803
2023-04-12,31.17,30.81,31.17,30.9,19766.0,30.562,0.1296
2023-04-13,30.89,30.75,31.77,31.65,34441.0,30.848,2.4272
2023-04-14,31.84,31.53,32.15,31.64,34608.0,31.11,-0.0316
2023-04-17,31.64,31.58,31.83,31.82,17417.0,31.374,0.5689
2023-04-18,31.8,31.8,32.3,31.99,41433.0,31.6,0.5343
2023-04-19,31.93,31.93,32.99,32.93,39925.0,32.006,2.9384
2023-04-20,32.83,32.61,32.9,32.61,21839.0,32.198,-0.9718
2023-04-21,32.59,31.91,32.62,32.27,61347.0,32.324,-1.0426
2023-04-24,32.27,32.18,32.49,32.2,24431.0,32.4,-0.2169
2023-04-25,31.95,31.43,31.95,31.74,43609.0,32.35,-1.4286
2023-04-26,31.55,30.9,31.61,30.92,25026.0,31.948,-2.5835
2023-04-27,30.97,30.83,31.32,30.98,36302.0,31.622,0.194
2023-04-28,30.85,30.45,31.11,30.68,47239.0,31.304,-0.9684
2023-05-01,30.66,30.62,31.21,30.98,33710.0,31.06,0.9778
2023-05-02,30.86,29.01,30.86,29.17,38230.0,30.546,-5.8425
2023-05-03,29.18,28.78,29.58,28.83,46421.0,30.128,-1.1656
2023-05-04,28.55,25.94,28.55,26.31,39426.0,29.194,-8.7409
2023-05-05,26.73,26.73,27.21,27.14,69335.0,28.486,3.1547
2023-05-08,27.07,26.69,27.07,26.79,35834.0,27.648,-1.2896
2023-05-09,26.77,26.77,27.62,27.06,35245.0,27.226,1.0078
2023-05-10,27.36,27.18,27.57,27.53,40507.0,26.966,1.7369
2023-05-11,27.36,27.3,27.72,27.67,39333.0,27.238,0.5085
2023-05-12,27.81,27.76,28.14,28.01,49073.0,27.412,1.2288
2023-05-15,27.92,27.87,28.14,28.1,27555.0,27.674,0.3213
2023-05-16,27.91,27.91,28.33,28.15,29137.0,27.892,0.1779
2023-05-17,28.45,28.0,28.45,28.16,30886.0,28.018,0.0355
2023-05-18,28.14,28.02,28.49,28.41,34476.0,28.166,0.8878
2023-05-19,28.67,28.17,28.67,28.45,38129.0,28.254,0.1408
2023-05-22,28.5,28.24,28.83,28.75,40231.0,28.384,1.0545
2023-05-23,28.52,28.29,28.72,28.58,38741.0,28.47,-0.5913
2023-05-24,28.42,28.2,28.53,28.5,61516.0,28.538,-0.2799
2023-05-25,28.57,28.18,28.63,28.52,32811.0,28.56,0.0702
2023-05-26,28.44,28.24,28.7,28.51,28044.0,28.572,-0.0351
2023-05-30,28.58,28.45,28.84,28.47,28837.0,28.516,-0.1403
2023-05-31,28.46,28.04,28.83,28.08,247884.0,28.416,-1.3699
2023-06-01,28.08,27.95,28.44,28.2,36649.0,28.356,0.4274
