kospi_ticker,russell_ticker,ks_len,rs_len,corr_r,rmse_r,corr_px,distance_px,rmse_px
010950 KS,AM UN,1576,1576,0.2075140503173682,0.025227573036763516,0.7755199789575107,11.482044438856503,0.4236730619481944
010950 KS,APA UW,774,774,0.4005860672272825,0.030357706531094503,0.5310138063872603,24.183220061664546,0.9902935536350891
010950 KS,AR UN,2183,2183,0.20833374453997003,0.03304453007746953,0.0,46.8963269818615,1.4662208059852404
010950 KS,BKR UW,386,386,0.3642024425851652,0.023509392098200892,0.4235355520633952,2.7125562386461306,0.22017035244029357
010950 KS,CHK UW,600,600,0.28580426571608464,0.025386225792003423,0.0,15.793006447461536,0.7713999946494222
010950 KS,COP UN,2183,2183,0.29622949127894177,0.022277152578018416,0.21967490253674132,15.739022975406016,1.0433496899033414
010950 KS,CTRA UN,2183,2183,0.22550244793753488,0.02357502096549093,0.1745456254494276,37.92977772772876,1.1481977999969044
010950 KS,CVX UN,2183,2183,0.27964055328296744,0.019700777245283928,0.37209009474648247,19.384937137192058,0.9039704260436704
010950 KS,DINO UN,2183,2183,0.20484134469875728,0.026203912521567948,0.45261353957397865,13.331133808012792,0.8693385889154466
010950 KS,DTM UN,508,508,0.3019136246691616,0.02070461246659369,0.0,5.106243977670513,0.3681552862488758
010950 KS,DVN UN,2183,2183,0.3057297912997784,0.027109870106883358,0.10000576493169973,38.056482101410516,1.3072920313786047
010950 KS,EOG UN,2183,2183,0.3115410770540733,0.022809298574296973,0.5458889554556581,22.71589036659133,0.9274757072215678
010950 KS,EQT UN,2183,2183,0.19059922994221382,0.0283048671681393,0.0,40.316175871381425,1.274657551500034
010950 KS,EVA UN,2099,2099,0.13818236693449842,0.022718483489033634,0.137700823742612,27.233884712566233,0.9382273145615238
010950 KS,FANG UW,2183,2183,0.29028410987161646,0.025695916992227015,0.6144074967039115,9.428048858618668,0.47653942379682956
010950 KS,HAL UN,2183,2183,0.30292884419757915,0.02394916396515841,0.33338623492534947,34.42040100956418,1.0780968291529576
010950 KS,HES UN,2183,2183,0.26785646810274566,0.025159112690646704,0.0,12.667179476495726,1.0614172407550653
010950 KS,KMI UN,2183,2183,0.25619728889322146,0.02031838745320847,-0.32240217211163325,56.675408967544364,1.4550275809986875
010950 KS,LNG UA,2183,2183,0.1925625959037038,0.023226636975509703,0.05764877275045314,14.602515962981816,1.0340250242884916
010950 KS,MPC UN,2183,2183,0.23320119438258796,0.023559821298476422,0.35613911008416843,13.595545931683521,0.7242484215663207
010950 KS,MRO UN,2183,2183,0.3055731844166794,0.02748510516279782,0.1544395053757558,42.686047782228705,1.3418268098035393
010950 KS,NFE UW,1126,1126,0.1749570567488045,0.03465392258068332,0.08296574082919891,53.59037529802894,1.7821476618567784
010950 KS,NOV UN,2183,2183,0.28549042660530777,0.025124022668442738,0.13260920244882848,60.167491073042214,1.483458844659876
010950 KS,OKE UN,2183,2183,0.2394908333445205,0.022699738831824797,0.5739888981776073,24.67213733241628,0.8459898767507341
010950 KS,OVV UN,2183,2183,0.2750790985158118,0.03155101912173363,0.44110271926347266,50.56817450236254,1.3205217099529845
010950 KS,OXY UN,2183,2183,0.29072522985816907,0.023439299218628154,0.30129357855810646,46.68753708956419,1.2212420390694751
010950 KS,PDCE UW,2183,2183,0.27625078270655107,0.02876799902379712,0.25312234564194347,15.92576881966365,0.8544886212919977
010950 KS,PSX UN,2183,2183,0.2722472483215419,0.0211407946900368,0.6215978969772026,19.161107720695462,0.7178186181664885
010950 KS,PXD UN,2183,2183,0.26593828059185465,0.023388279209263882,0.3742167668691377,14.854845215511816,0.8540864014518127
010950 KS,RRC UN,2183,2183,0.20706485559200427,0.03373343639609587,-0.2341350790852002,54.72893120642616,1.5352563727750936
010950 KS,SLB UN,2183,2183,0.29490079167363026,0.022303970942624773,0.0854646878159919,51.01349216303883,1.308498674260562
010950 KS,SWN UN,2183,2183,0.20228714435930745,0.03493832881879743,-0.35690922419393806,63.078836405196256,1.6571545484142873
010950 KS,TPL UN,2183,2183,0.19408892908351777,0.025300710758555417,0.18451333152064026,301.09473527033083,6.702621221907826
010950 KS,TRGP UN,2183,2183,0.2539608349428622,0.025203724083443166,0.0,54.64393367095897,1.4497614058039692
010950 KS,VLO UN,2183,2183,0.2291969717024661,0.023315902359905688,0.4961934140551131,7.492053386084126,0.5106321190300847
010950 KS,VTS UN,101,101,0.0,0.03150521711604079,-0.5490866742077539,1.3761771812779153,0.16251670509681698
010950 KS,WMB UN,2183,2183,0.22993283421945349,0.021704141754790008,-0.12182581742205778,42.93898845060871,1.2914661605138538
010950 KS,XOM UN,2183,2183,0.30318198894298926,0.019414571618012307,0.24627301482700514,33.501943347499044,1.0928442107443916
010950 KS,ACDC UW,273,273,0.3899041793249411,0.03357123617013299,0.424923736282395,2.3308712724179856,0.32839595018533096
010950 KS,ALTO UR,2183,2183,0.13634189239210343,0.041959709327128614,-0.2685705324293993,53.24068465142672,1.5235171120209963
010950 KS,AMPY UN,1576,1576,0.23075948469351967,0.03780238464591931,0.7493799091918736,12.306627721948432,0.5312515515718185
010950 KS,AMTX UQ,2183,2183,0.06063098598858781,0.05191872026108627,0.0,30.363751243080237,1.4715377283712248
010950 KS,ARCH UN,1727,1727,0.1986131345409382,0.02753507925031396,0.32787335043437454,18.80137297355101,0.5800480743049814
010950 KS,AROC UN,2183,2183,0.24969410851005225,0.027836221121599527,-0.04870821599551063,53.786500316520026,1.4093082855309784
010950 KS,ASC UN,2183,2183,0.1650413883167624,0.030375207528542596,-0.1372890833505203,28.39645607116799,1.3054269593841095
010950 KS,BATL UA,852,852,0.15478053840596417,0.04117621892021673,0.6452879805349341,4.967831956789801,0.3600984498735583
010950 KS,BOOM UW,2183,2183,0.17423965137386493,0.03121455620142734,0.20076076685701957,19.8367867586193,1.0272127189040934
010950 KS,BORR UN,996,996,0.2926746511601193,0.05034502491781605,0.2828354842474111,18.497438814394798,0.726530836656725
010950 KS,BRY UW,1258,1258,0.27640002824159876,0.03285916218045536,0.8116440069029048,2.7850069281716436,0.20369724729871871
010950 KS,BTU UN,1599,1599,0.1855345860957522,0.03970611543887255,0.7482561189841845,7.8927890391622775,0.40645765258615224
010950 KS,CEIX UN,1438,1438,0.19005386399870094,0.03668210216848924,0.3888959637996231,30.03239711611676,0.8454058746543225
010950 KS,CHRD UW,656,656,0.3198754655370645,0.0264107355071804,0.32797887006111126,61.839203439630836,2.5537697346647947
010950 KS,CHX UW,627,627,0.3061849787931512,0.028303715730314497,0.0,6.0565510626184205,0.3357962406390202
010950 KS,CIVI UN,1579,1579,0.2841345948596167,0.029527552610454644,0.11656159027453977,14.382730699452749,0.4709213170650387
010950 KS,CLNE UW,2183,2183,0.17677388622302934,0.03554109780874641,-0.1683512785753232,19.336990192214767,1.21957992023487
010950 KS,CNX UN,2183,2183,0.21051729455095247,0.02991121388040332,0.07223585311564074,53.796890862553205,1.4326510407856508
010950 KS,CPE UN,2183,2183,0.2689374479891263,0.03609334951510246,0.428474732691694,26.851929407645756,0.8634110068109262
010950 KS,CRC UN,673,673,0.28868595168762134,0.02719011995292417,0.4733675036252364,25.335340396973994,1.2030633288454655
010950 KS,CRGY UN,385,385,0.35258168178895505,0.029545810876343958,0.7730104163989185,1.9427098126293942,0.19629877067535045
010950 KS,CRK UN,2183,2183,0.19461496645760878,0.04194493390104986,-0.15836647116051217,61.47958092771925,1.643763417555694
010950 KS,CVI UN,2183,2183,0.2233140485626775,0.029222812004225007,0.18292406072553227,35.59059134691387,1.1769723686204763
010950 KS,DEN UN,700,700,0.24936349508839395,0.028053518365399724,0.5128818185325437,47.71854580867785,1.9715181180273105
010950 KS,DHT UN,2183,2183,0.11205815337677028,0.027463562076066535,-0.455604070197454,25.373862817120173,1.2021407598682075
010950 KS,DK UN,2183,2183,0.22120313887885812,0.029410029337824703,0.4376362211241007,23.622400051453074,0.9811033996182598
010950 KS,DO UN,305,305,0.34000899819718133,0.03303364847815394,-0.5964375502891444,8.85970834240828,0.5213428227361635
010950 KS,DRQ UN,2183,2183,0.2497405675679026,0.025543002218391477,-0.13036819019041973,55.14241197252752,1.3574403674457016
010950 KS,EE UN,295,295,0.28852831641561427,0.030471368860030552,0.5162720071523963,0.7264156413982681,0.10276133005142869
010950 KS,EGY UN,2183,2183,0.18405340034106688,0.03735332894346527,0.0,29.487549038656567,1.4307126541218464
010950 KS,EP UA,321,321,0.17453972733232725,0.03590892272407706,0.7214782425902801,1.9235486521275942,0.21708785634569494
010950 KS,ESTE UN,1572,1572,0.23605831779045505,0.03770626240806562,0.4069601999681008,5.693122054002449,0.37936193421986386
010950 KS,ETRN UN,1189,1189,0.19468545091471937,0.02818483077760573,0.3746106429015807,6.358362548138559,0.2891995019829815
010950 KS,FLNG UN,1028,1028,0.1334429565008315,0.03379201571986103,0.4258545871743896,29.621594280288583,0.978084344350901
010950 KS,FRO UN,2183,2183,0.13205567374931493,0.0317023561131699,-0.5088342447042347,24.942962173236374,1.2762664087876054
010950 KS,GEVO UR,2183,2183,0.11005024403789268,0.05034496895598979,-0.46512622325823666,70.64990275258732,1.8424400644030587
010950 KS,GLNG UW,2183,2183,0.20666569844805033,0.030355733041605607,0.12050978099721747,43.167704802481374,1.3329596909812784
010950 KS,GPOR UN,531,531,0.3199106453829957,0.02645937843924688,0.17783072287743923,4.211664063740456,0.27814780127529654
010950 KS,GPRE UW,2183,2183,0.19100428705444328,0.0308120214570554,0.04377504313991764,22.717130154652963,1.10404069815829
010950 KS,HLX UN,2183,2183,0.2668861484352693,0.03416313929448089,-0.05739614247539782,62.63200122399586,1.5878046288102932
010950 KS,HP UN,2183,2183,0.27338825390420174,0.026848586802861354,0.29429669616686027,44.71446081492407,1.1949146732404665
010950 KS,HPK UQ,1300,1300,0.17108797489591887,0.031454781755846956,0.11852601639010224,27.953569443829853,0.9232268342315174
010950 KS,INSW UN,1697,1697,0.14952938613029987,0.028499222279069703,-0.10896317557575932,21.816854032015687,0.5877978995611097
010950 KS,INT UN,2183,2183,0.22634025512374428,0.022994518218857438,-0.31278062047139527,46.21418506111632,1.235067357796933
010950 KS,KNTK UN,1311,1311,0.0,2.796526345635172,0.7787354634934955,13.608430412017565,0.48379243186722043
010950 KS,KOS UN,2183,2183,0.24856894148833963,0.03501773064205421,0.3517510059006145,44.001059606211534,1.2433639244541765
010950 KS,LBRT UN,1396,1396,0.2685182731011435,0.03381568731951898,0.7882596483334314,3.3014412236074935,0.23609211429682794
010950 KS,LEU UA,2131,2131,0.05201534298252607,0.042588166732385184,0.0,155.05738310838183,3.567704190050156
010950 KS,LPG UN,2183,2183,0.1898253813380133,0.028123322876346786,-0.22250850827196367,20.14220973422768,1.154588113311183
010950 KS,MGY UN,1536,1536,0.27204039585263307,0.02667302268248999,0.16885880653743068,25.649267094563342,0.7231316039513529
010950 KS,MTDR UN,2183,2183,0.2708708333894877,0.03170032004389944,0.31083295384269327,17.514069104015626,0.8518726550589382
010950 KS,MUR UN,2183,2183,0.29393328427909554,0.028824698730446345,0.13483619605706806,48.08717114869459,1.3537294160850706
010950 KS,NAT UN,2183,2183,0.1240639289491122,0.03202622366746838,-0.4557000003358541,49.574580101310005,1.4685561373509297
010950 KS,NBR UN,2183,2183,0.2455304910053835,0.03870395418280239,-0.06731195018283026,54.126226908909345,1.4953298640357764
010950 KS,NC UN,2183,2183,0.12739434914465836,0.027075179368795336,0.4346301922187558,26.359869365341666,1.00533552563395
010950 KS,NE UN,515,515,0.318674989855309,0.02642009341095584,-0.3588977144046679,9.845351741279762,0.45930087786998675
010950 KS,NEX UN,1650,1650,0.26415168997159677,0.035443051659906716,0.6870969690845871,19.57108305129383,0.7320551096143899
010950 KS,NEXT UR,2067,2067,0.09438165612473827,0.03382108087005606,0.136367237898129,22.61446261144285,0.764505342828549
010950 KS,NOG UN,1326,1326,0.26519003037101285,0.03632104669301132,0.673105830535232,21.874003865035906,0.689808696300677
010950 KS,NR UN,2183,2183,0.19249775122269777,0.03282329813907352,0.4521122820953627,51.69765054514035,1.286085444831396
010950 KS,OII UN,2183,2183,0.27049533442175405,0.03018729010943758,-0.1633538527734436,61.96743032317453,1.5590768584972161
010950 KS,OIS UN,2183,2183,0.27750267752604435,0.03134659461798914,0.09038988355615381,62.450328689049975,1.5179503666842322
010950 KS,PARR UN,1370,1370,0.21890113403381994,0.028574030408453677,0.38502605107497495,8.378411367940036,0.31194150436566276
010950 KS,PBF UN,2183,2183,0.22327600312778667,0.03227721717225536,0.406795374162869,17.732880018949672,0.9430963709581918
010950 KS,PR UN,1324,1324,0.26470885336608563,0.04101766348882688,0.7600052192565077,8.814511902543455,0.4523667895163913
010950 KS,PTEN UW,2183,2183,0.26989122740013355,0.03184167670412858,0.34863161142892957,29.990550375517053,1.073001191995838
010950 KS,PUMP UN,1610,1610,0.25091611632629096,0.03368998973125314,0.6652478681995307,4.2220445387864505,0.2773566881458932
010950 KS,REI UA,2183,2183,0.23370568185362908,0.0374822207886239,0.3771649549794495,47.84627072575289,1.321964995379815
010950 KS,REPX UA,2183,2183,0.07411129210067413,0.04837931947010336,-0.24478547322139632,27.13505591831978,1.3931187812063388
010950 KS,RES UN,2183,2183,0.25940516933084445,0.03119574763197656,0.4584732732059919,35.014803472018954,1.1072122162071987
010950 KS,REX UN,2183,2183,0.1854590717465603,0.02524038310950807,0.4419398395524614,14.580369188970874,0.7006219955450459
010950 KS,ROCC UW,1666,1666,0.2537704990453834,0.03582248747311222,0.6668133363423704,8.11352936348127,0.48220931224588875
010950 KS,SBOW UN,1575,1575,0.23040720673748633,0.03590931979005745,0.646338912498095,6.593650478299966,0.3475159045421413
010950 KS,SD UN,2183,2183,0.21663711137737177,0.035731349254933924,0.6081150715837899,241.30979136049604,5.442605935760327
010950 KS,SFL UN,2183,2183,0.23676659236657416,0.021148715388852466,0.1355516463748691,43.856670394127654,1.0930548984495323
010950 KS,SLCA UN,2183,2183,0.21554454806551637,0.03612643787100888,0.18674687954607527,38.857451836607595,1.2390324950325247
010950 KS,SM UN,2183,2183,0.27737908369025965,0.03899692055080031,0.0,34.616016846696255,1.3203922355173743
010950 KS,SOI UN,1570,1570,0.22263818848827555,0.030129494360384004,0.7198328098354408,5.027996885356517,0.2643170323622422
010950 KS,STNG UN,2183,2183,0.14242475116009723,0.03202568861148604,-0.3852295413330411,49.315417276790846,1.5091354629015812
010950 KS,STR UN,1304,1304,0.0,3.4979332416860562,0.7903133198244536,3.3193598212453947,0.24659953437396892
010950 KS,TALO UN,1622,1622,0.27144361101654835,0.034873081646740106,0.7626183485002891,6.775781240123559,0.3832562180888029
010950 KS,TDW UN,1513,1513,0.22711958535113105,0.031340572789390016,0.4458951186532307,10.278228775128786,0.3443239675476748
010950 KS,TELL UA,1519,1519,0.16631933497653645,0.044243407971899115,0.7602677791975452,8.809833343427679,0.3607378378289322
010950 KS,TK UN,2183,2183,0.200574592617765,0.03205599335940856,-0.3595493711180434,67.65759921321148,1.7397004418473672
010950 KS,TNK UN,2183,2183,0.13934792465194812,0.03205915414681801,-0.5364462841296469,38.77805709173627,1.4834749622393308
010950 KS,TTI UN,2183,2183,0.20192548943777158,0.036595918301666676,0.0,44.80695133010662,1.384562170893318
010950 KS,UEC UA,2183,2183,0.13559754539940372,0.03972540733196314,0.16380680781386775,13.402244161680965,1.0460500980038157
010950 KS,URG UA,2183,2183,0.12319847428719428,0.03594354719090055,0.1633209626587142,10.939012715897151,1.0168740430757455
010950 KS,UUUU UA,2183,2183,0.11871014394808387,0.03849774554470176,0.0,28.20324549335341,1.3657294609897404
010950 KS,VAL UN,542,542,0.327185095377391,0.028521308006025255,-0.395867865841584,30.861927127049213,1.3746390147290024
010950 KS,VTLE UN,2183,2183,0.2672688003321305,0.038576449402689596,0.15192080094586613,50.42772840545901,1.3644105606975996
010950 KS,VTNR UR,2183,2183,0.10033199607509934,0.044648327969897615,0.08030625979558534,26.68183321380095,1.4000808490320586
010950 KS,VTOL UN,2183,2183,0.2023429578182972,0.028642125876602573,-0.11623889234707585,53.62002056460287,1.419553296263656
010950 KS,WFRD UW,520,520,0.2807902838307281,0.03229913300705646,-0.6102168088563354,43.35590869918824,1.9521813143479443
010950 KS,WHD UN,1378,1378,0.2598472699824072,0.028425444612396336,0.3664572636427719,31.269272390319355,1.0098475558705475
010950 KS,WTI UN,2183,2183,0.2699117436025959,0.038113172228656296,0.33380654011055544,40.02163119241511,1.3565999140507587
010950 KS,WTTR UN,1585,1585,0.2464932057939177,0.03251101397812802,0.7464955856968444,8.888909340735287,0.38798148102058316
010950 KS,XPRO UN,2183,2183,0.19359043532240316,0.031713742115507704,-0.23114027144749769,56.07619328419516,1.5013270491799768
096770 KS,AM UN,1576,1576,0.15853546482685787,0.026776933696675387,0.26689282646201984,18.975541654318512,0.6452669564660585
096770 KS,APA UW,774,774,0.17744321580080563,0.03665309855591026,-0.09967658543006355,12.940345162602261,0.928618047627383
096770 KS,AR UN,2183,2183,0.13888710652122088,0.0347083902367565,-0.11540852002983364,58.746243561673744,1.7878604344136888
096770 KS,BKR UW,386,386,0.15539366622031933,0.0294708077073775,0.21123599850626493,2.708437238424537,0.29470607964322837
096770 KS,CHK UW,600,600,0.11847702464653695,0.029888972008133285,-0.7630220655734237,27.813666863356804,1.146959387753124
096770 KS,COP UN,2183,2183,0.21177356891870613,0.024275390501239957,0.2603846535019404,27.48498858818465,1.3440477860821047
096770 KS,CTRA UN,2183,2183,0.15487314377010525,0.02534025588574801,-0.13485554866450386,52.766392773331525,1.480721262951727
096770 KS,CVX UN,2183,2183,0.1903467984723221,0.021695637419773553,0.30119139394325145,33.59856692665857,1.2240573051752512
096770 KS,DINO UN,2183,2183,0.11555279233425052,0.02824982628351377,0.11384845842400981,29.83486191941702,1.2240081263112668
096770 KS,DTM UN,508,508,0.15142487061352228,0.024231781063223847,-0.5568638697611556,9.05586894107227,0.5140868329366355
096770 KS,DVN UN,2183,2183,0.21000769398277352,0.02928228704437644,0.0,52.58555574543942,1.6284228868416462
096770 KS,EOG UN,2183,2183,0.21580736554128205,0.024994762237853182,0.270297690959526,37.095039931742036,1.2675199128212835
096770 KS,EQT UN,2183,2183,0.13330502800945077,0.029821064502545333,-0.20406011094804982,53.03326596794412,1.6046686152507597
096770 KS,EVA UN,2099,2099,0.11994657153333463,0.023887322121036926,0.5531014253346462,13.839832969020634,0.6966072417785052
096770 KS,FANG UW,2183,2183,0.20089007929111083,0.027768166760507657,0.4158615408758549,8.982242530674975,0.7818951372470252
096770 KS,HAL UN,2183,2183,0.19614365457076172,0.026312675227223352,-0.09140661647234209,49.315728703275056,1.434885319860414
096770 KS,HES UN,2183,2183,0.19776992356679643,0.026911038690383554,0.25762110249920905,22.789857334226056,1.3314106268198866
096770 KS,KMI UN,2183,2183,0.18566552039205877,0.022071071097767868,-0.49382051277042277,70.65745381578253,1.7780927624702962
096770 KS,LNG UA,2183,2183,0.16258775342806106,0.02440538403850201,0.31246590047848377,17.90449117191615,1.2659199274790223
096770 KS,MPC UN,2183,2183,0.1563771766403878,0.025423891747705415,0.34253757730783774,11.146028058432222,0.9934892390515605
096770 KS,MRO UN,2183,2183,0.2272319405392141,0.029346352854293482,0.0,55.46013662180437,1.6641228774900862
096770 KS,NFE UW,1126,1126,0.16564565396823364,0.03611755313378139,0.4744379363958975,42.634662418290745,1.5738725140678502
096770 KS,NOV UN,2183,2183,0.2059528110078065,0.027024552832010856,-0.37889183945897753,73.91870700170587,1.8223967778155712
096770 KS,OKE UN,2183,2183,0.18611721012857183,0.024218742288526197,0.42079504360484343,39.97059039390329,1.1735834161726197
096770 KS,OVV UN,2183,2183,0.21951041822004003,0.03295656464322338,0.06007599442764628,62.549089434676716,1.6591889844277594
096770 KS,OXY UN,2183,2183,0.19217914740664083,0.025657676330704232,-0.2181560131776024,59.708391873562064,1.5779361757756192
096770 KS,PDCE UW,2183,2183,0.20738561324236038,0.030456084164106896,0.1209300028754493,22.906280983678702,1.1727662119738396
096770 KS,PSX UN,2183,2183,0.1841619760293454,0.02316347057969837,0.2433208215389676,35.11562337254863,1.0732644522985602
096770 KS,PXD UN,2183,2183,0.19492360322423014,0.025168243410238298,0.36747265375791116,28.33120084209799,1.1634096240662077
096770 KS,RRC UN,2183,2183,0.15915255342116405,0.03500725311030906,-0.32862211262906094,65.99381487733501,1.8546138021536367
096770 KS,SLB UN,2183,2183,0.20471794081988437,0.02438563127515058,-0.3525174650427973,64.50758189115956,1.6570204006180442
096770 KS,SWN UN,2183,2183,0.1472849972710448,0.036324772605628115,-0.4569211193297735,75.2603803021105,1.9758726711896881
096770 KS,TPL UN,2183,2183,0.16040946857318097,0.026492068013332155,0.5377361419127986,282.786667529169,6.353938851780001
096770 KS,TRGP UN,2183,2183,0.19052171404513857,0.02684796652572622,-0.08559448876269923,65.57380771584911,1.767901919028413
096770 KS,VLO UN,2183,2183,0.1510108689463856,0.025198353192575174,0.3515950988396629,7.2834606940585385,0.7981517868497454
096770 KS,VTS UN,101,101,0.0,0.036311157923663066,0.6909411402582195,0.5989629542033236,0.10618067489042493
096770 KS,WMB UN,2183,2183,0.1614756943756785,0.02343766935861071,-0.25550998234419253,57.065401571838095,1.6147361634794903
096770 KS,XOM UN,2183,2183,0.20247483645592224,0.021566150819144,-0.07302760661910039,48.40486504425036,1.4304905350866213
096770 KS,ACDC UW,273,273,0.22013347514309886,0.038441300841520316,-0.14240458353360308,2.524422368552438,0.31200916259918404
096770 KS,ALTO UR,2183,2183,0.11345928999634813,0.0427295818018083,-0.08899257620047338,66.22445200253667,1.8224824330969007
096770 KS,AMPY UN,1576,1576,0.1283251059419857,0.04008700955220771,0.05328292348575013,19.7882177550482,0.7667620661155463
096770 KS,AMTX UQ,2183,2183,0.07664631561111654,0.05195932174829035,0.5413686106861605,35.4290261790746,1.6034572968630902
096770 KS,ARCH UN,1727,1727,0.13342391191974512,0.029270899747178575,0.17345163715538736,12.590864780611616,0.6132131246549865
096770 KS,AROC UN,2183,2183,0.20596233617699405,0.029105393576880426,-0.24300251097305003,66.81687646380762,1.7328318363419168
096770 KS,ASC UN,2183,2183,0.12340925952662474,0.03161508891874021,-0.43141289460157917,41.48519713399255,1.644829470604386
096770 KS,BATL UA,852,852,0.1783653142724433,0.04246223530649126,0.4704214051611523,10.784232839954063,0.7942884964721711
096770 KS,BOOM UW,2183,2183,0.15394953673741413,0.03206683957641307,0.5453414666635515,19.126563716693546,0.9224706460056913
096770 KS,BORR UN,996,996,0.16845470433819826,0.05365753649678499,-0.284937013964933,23.667477716235485,0.9764674863509698
096770 KS,BRY UW,1258,1258,0.18978649643631246,0.03533053270454411,0.1690378017871253,6.835976326926302,0.42878651514945937
096770 KS,BTU UN,1599,1599,0.11055820366216787,0.041493937402485186,0.10326440437396234,8.814739801033832,0.6417240664654899
096770 KS,CEIX UN,1438,1438,0.14240944663527946,0.03817510332138543,0.11313636842602365,25.136258869385742,0.8151031697756261
096770 KS,CHRD UW,656,656,0.14254930593682602,0.031496712450654114,-0.5284582280784564,64.80000420963403,2.5661156933658194
096770 KS,CHX UW,627,627,0.1842807740848557,0.0321047293329299,-0.4004429275932314,13.992160394293077,0.6664681307003666
096770 KS,CIVI UN,1579,1579,0.18774649605988983,0.03178127989831667,0.3617010305790625,9.439206034769587,0.4515086182929931
096770 KS,CLNE UW,2183,2183,0.16037325103749284,0.036245134861347894,0.4674781417574651,21.644798415182137,1.3888255563851264
096770 KS,CNX UN,2183,2183,0.16437683634296157,0.03120628179209404,0.08506685731382997,64.8562339166443,1.7441796955037205
096770 KS,CPE UN,2183,2183,0.19992836281506995,0.037693506060704145,0.0,40.60456917414951,1.2472309152916436
096770 KS,CRC UN,673,673,0.1683705240923734,0.03130452553867162,-0.3053290225707471,26.81278830602481,1.2784542964814087
096770 KS,CRGY UN,385,385,0.2346179335124463,0.033449960055297226,0.43927023433462203,1.845148471134311,0.1435310676520621
096770 KS,CRK UN,2183,2183,0.16277873538767867,0.04283196370784265,-0.25529007303256157,71.17798267612052,1.9591566844773025
096770 KS,CVI UN,2183,2183,0.12650191764226748,0.0313881385394486,-0.20027993871701916,50.0499524537084,1.5242318564870485
096770 KS,DEN UN,700,700,0.14301589767925335,0.03174706130374639,-0.07932902249917,59.61864081211706,2.2960755661774375
096770 KS,DHT UN,2183,2183,0.1031632818986809,0.028268008893062243,-0.2563748802172542,39.40752110230138,1.5044045583872214
096770 KS,DK UN,2183,2183,0.1256298421119573,0.03155600056423637,0.0,41.42175601002705,1.3465454245999935
096770 KS,DO UN,305,305,0.2284731403793539,0.03659645904349021,-0.2626711292405834,7.576204328525949,0.5384680984622221
096770 KS,DRQ UN,2183,2183,0.18139133451742423,0.027257247084471293,-0.5199808358015598,69.84027313836859,1.6961474461025092
096770 KS,EE UN,295,295,0.2013880493208758,0.03413811932878052,0.22817209263941896,1.2833381469135445,0.12144958149801868
096770 KS,EGY UN,2183,2183,0.11727101136592366,0.038943005566728264,0.24440091014149176,40.53558032575047,1.7110198531729666
096770 KS,EP UA,321,321,0.0,0.03906440036994126,0.5976798378324633,2.3583253256366596,0.19221957377961013
096770 KS,ESTE UN,1572,1572,0.12156141567687939,0.04022812002288608,0.42712830820000713,4.784551034203512,0.5543503055194513
096770 KS,ETRN UN,1189,1189,0.16767826868693747,0.030058576728696884,-0.06372375212409734,11.548509823680295,0.5034739116044733
096770 KS,FLNG UN,1028,1028,0.1227214575415171,0.03577976406322761,0.21603959010016255,27.026561695991475,0.9643261399720854
096770 KS,FRO UN,2183,2183,0.10921528089343066,0.032625973549235285,-0.41468173688332044,35.1908462697399,1.5853322774985494
096770 KS,GEVO UR,2183,2183,0.09023719760866392,0.05100063728702777,-0.5371286156219586,83.86678481082487,2.1574897512033164
096770 KS,GLNG UW,2183,2183,0.1679868170973217,0.03152031846012183,-0.2625726458377464,56.59119883521596,1.6743562370797864
096770 KS,GPOR UN,531,531,0.14165363038838602,0.030461736215564746,-0.298383790153518,7.269281716029305,0.4783129984456598
096770 KS,GPRE UW,2183,2183,0.16388570672468544,0.031777398055362796,0.38700975571693524,36.87843840173092,1.3697350901181997
096770 KS,HLX UN,2183,2183,0.22405840203471383,0.0352960854277573,-0.3461030215322118,74.16109455944316,1.911480419395573
096770 KS,HP UN,2183,2183,0.20071276420972553,0.028621833854817008,-0.23437211564042043,59.5932035971608,1.5521323667154372
096770 KS,HPK UQ,1300,1300,0.08930251817200195,0.03391047954508117,0.1057409493736523,20.99220533901409,0.87876164126105
096770 KS,INSW UN,1697,1697,0.10952659957995783,0.02988050460589448,-0.1633110717227535,17.273230220054778,0.5943330992140976
096770 KS,INT UN,2183,2183,0.15696421252882145,0.02474259224000749,-0.4255874788102906,62.374566172001884,1.5596652489212086
096770 KS,KNTK UN,1311,1311,0.0,2.796641962822166,0.2697312291673025,16.618065988153585,0.6196690976440676
096770 KS,KOS UN,2183,2183,0.16918338155333792,0.0368334306001853,-0.1633515838814444,56.58603733233384,1.5962863120633597
096770 KS,LBRT UN,1396,1396,0.16417651911294767,0.03645280507764266,0.43705442433226016,8.641235063764405,0.4218652268179007
096770 KS,LEU UA,2131,2131,0.08182985091296568,0.04255546542160728,0.4742705511508457,133.20207814516047,3.1873096461857298
096770 KS,LPG UN,2183,2183,0.12733539747187117,0.0297311099249114,0.11196597319747761,31.64179205463583,1.431112093964041
096770 KS,MGY UN,1536,1536,0.18804660236658297,0.02881414435176171,0.32438472126516205,16.400609350868542,0.6036994977875775
096770 KS,MTDR UN,2183,2183,0.21058125821757734,0.033196172848834894,0.3840496852379986,14.9892685692308,1.055489593389143
096770 KS,MUR UN,2183,2183,0.20231980691605567,0.030910429686472545,-0.08589756351602801,59.538913101967914,1.6793325727811879
096770 KS,NAT UN,2183,2183,0.0871472704278958,0.033182768519552805,-0.5984206428522292,63.89016437459418,1.799739103829807
096770 KS,NBR UN,2183,2183,0.2024339018089879,0.03979812102032899,-0.4109014982419489,70.1635099562475,1.840087578637641
096770 KS,NC UN,2183,2183,0.07200242889999331,0.028593684050978195,0.33717705913540197,20.724149239161523,0.9943308278831422
096770 KS,NE UN,515,515,0.1485475135276266,0.03042926541948125,-0.6523731595914172,12.285507739056376,0.610394816386233
096770 KS,NEX UN,1650,1650,0.19956041421169873,0.037028531896296776,0.0,22.16657438097859,0.8130583994789988
096770 KS,NEXT UR,2067,2067,0.1106047114071677,0.03416563858539346,-0.36978602186355114,29.111713539365745,0.9642727363536719
096770 KS,NOG UN,1326,1326,0.1759130982465506,0.03869464712765634,0.2152079486054766,17.901090512290093,0.653004653758984
096770 KS,NR UN,2183,2183,0.1569081924511794,0.03390365663101967,-0.12162932471243938,67.37965157763061,1.6463601636997243
096770 KS,OII UN,2183,2183,0.20990746761735163,0.03170358582534556,-0.4614284431920034,74.54264631969544,1.8892844228604806
096770 KS,OIS UN,2183,2183,0.20566045624358748,0.03304686528755299,-0.3861046463413456,78.20215436413814,1.8634451522107118
096770 KS,PARR UN,1370,1370,0.14330568660620083,0.030911582649663604,0.07766819698812127,4.799779931961567,0.34797028509804007
096770 KS,PBF UN,2183,2183,0.12407027973830281,0.034472472609032224,-0.08447528535320076,27.7854039115001,1.325032067743075
096770 KS,PR UN,1324,1324,0.17001083157236266,0.04340600009548213,0.25040978425779015,14.035249517931662,0.6577145794619389
096770 KS,PTEN UW,2183,2183,0.19358730721036116,0.03362576108265771,-0.1073001695248084,45.08275780224869,1.440273011701967
096770 KS,PUMP UN,1610,1610,0.1737761540295959,0.03553518065413746,0.21746558200473115,9.774053781368229,0.4750530850453808
096770 KS,REI UA,2183,2183,0.15959629982085455,0.03917474942287969,-0.1389615265001215,64.99425067030967,1.692782787117508
096770 KS,REPX UA,2183,2183,0.06792847433621874,0.048849513558192656,0.20065312583995426,35.64335328308536,1.6550902936435634
096770 KS,RES UN,2183,2183,0.18941000710079264,0.03287295169287,-0.07294902300558559,50.736008410670415,1.4907136961744074
096770 KS,REX UN,2183,2183,0.16410702854497866,0.026239042675948926,0.6118129652530946,29.22688406602138,0.9908157886308853
096770 KS,ROCC UW,1666,1666,0.1693713387236122,0.03776181984990634,0.11854021553067981,14.309309579951096,0.7143206212878578
096770 KS,SBOW UN,1575,1575,0.13747798879912804,0.03804128285239197,0.3545135854051909,3.771421272744284,0.512600909077579
096770 KS,SD UN,2183,2183,0.15250611115955204,0.03726390968252717,0.388279966681909,216.40508867575988,5.297701371131312
096770 KS,SFL UN,2183,2183,0.1873390899064885,0.022621248374219492,-0.5022131447361202,60.11248240401733,1.4570763131331976
096770 KS,SLCA UN,2183,2183,0.19102187350878314,0.03693390949509171,-0.14851492301431063,54.42426876997332,1.591546984086013
096770 KS,SM UN,2183,2183,0.20322085433599202,0.04066023975293215,-0.04987033338096442,44.66624985862633,1.6364281542102106
096770 KS,SOI UN,1570,1570,0.18410557382804202,0.031410662182679315,0.13972158903336557,7.368188523313035,0.38875646609421777
096770 KS,STNG UN,2183,2183,0.08380712783765953,0.03354005235720943,-0.5977777083159526,60.48516490243523,1.8415348490685939
096770 KS,STR UN,1304,1304,0.0,3.4981532155272217,0.15574307149030653,7.9421519837949965,0.43303149774458277
096770 KS,TALO UN,1622,1622,0.15753748958105107,0.03736435584440418,0.0,14.49688669209692,0.616597969542497
096770 KS,TDW UN,1513,1513,0.13518128797602552,0.03359562838599839,0.059117730191975956,6.529138065297278,0.5541091698828826
096770 KS,TELL UA,1519,1519,0.13630705155583278,0.045212791495053084,0.09446938863201759,17.95372365675313,0.652111207975868
096770 KS,TK UN,2183,2183,0.14405315352483547,0.033505604493404034,-0.531487695638603,81.5318221484328,2.0622088810803567
096770 KS,TNK UN,2183,2183,0.11266526743902991,0.03303441640793284,-0.5676406310300594,47.88558824031285,1.8023718202768348
096770 KS,TTI UN,2183,2183,0.15379044223890515,0.037839150637742514,-0.21372581941929986,57.581283762572205,1.7114554772728736
096770 KS,UEC UA,2183,2183,0.14608312862075407,0.03992200229996971,0.48279534915898953,15.491599878919859,1.2315139665904082
096770 KS,URG UA,2183,2183,0.08897599322504367,0.0370077554958015,0.5788789443107747,21.390586062400537,1.2455483899117303
096770 KS,UUUU UA,2183,2183,0.11121408168074165,0.03905740434267044,0.43105510913981093,40.92969930728848,1.6207980088609224
096770 KS,VAL UN,542,542,0.16294762521318795,0.03236696137798112,-0.80513238601542,36.61199162365389,1.6101187828572108
096770 KS,VTLE UN,2183,2183,0.18829164285432096,0.04033551033402854,-0.2847932067218867,65.34940120133636,1.7249473435734324
096770 KS,VTNR UR,2183,2183,0.09521518961259555,0.04510711192221864,0.3232229233887533,28.233711936004784,1.6154309838010632
096770 KS,VTOL UN,2183,2183,0.16582687977111818,0.029799171748851577,-0.28237285975881904,67.05803927679366,1.742272032027875
096770 KS,WFRD UW,520,520,0.1630798222918536,0.035247365215245435,-0.6335933329908431,45.355882031454726,2.062144073709213
096770 KS,WHD UN,1378,1378,0.18412927217420966,0.030704028583621826,0.40566531062744415,19.210951122383815,0.8051707253341541
096770 KS,WTI UN,2183,2183,0.1805956856061951,0.04007348167348794,0.17740393228443,52.836464805336945,1.6767364885550988
096770 KS,WTTR UN,1585,1585,0.1610969322141862,0.0345494102261299,0.06746020746215298,15.633853458986197,0.6243876968516684
096770 KS,XPRO UN,2183,2183,0.15946833517272208,0.0327798543904381,-0.5339138421779464,72.77722670337737,1.8421449653867275
267250 KS,AM UN,1573,1573,0.19670328517085253,0.024746464483537105,0.8197927158159293,7.569768277459847,0.3298939721185537
267250 KS,APA UW,774,774,0.32857069322108445,0.030996297928603204,0.2756377324346291,30.56580453119996,1.165845155767906
267250 KS,AR UN,1573,1573,0.14312823695500404,0.0364384249362284,0.17887821895839906,12.534470825058518,0.5083498412116902
267250 KS,BKR UW,386,386,0.2362622995356154,0.023245824703932678,0.10092058244342932,2.8446156201391686,0.22965794611527582
267250 KS,CHK UW,600,600,0.2404377294097218,0.02369298199129212,-0.2156671439030733,16.977167747321126,0.7674996051258282
267250 KS,COP UN,1573,1573,0.2361828209774619,0.022527203364842888,-0.083117381731658,28.258000114072274,0.7859055145843258
267250 KS,CTRA UN,1573,1573,0.17268003821468397,0.023237169053651228,0.30460923484872815,4.808208523935082,0.20634581440278665
267250 KS,CVX UN,1573,1573,0.24887329098615082,0.01929905215757994,0.07548635573287092,13.892268110352914,0.40930441783304666
267250 KS,DINO UN,1573,1573,0.13431789782281006,0.026957937256358037,0.4022703658026503,26.00466255948194,0.8185734743086153
267250 KS,DTM UN,508,508,0.3016496293802805,0.016864667215998448,-0.2628870215911324,7.611795677181525,0.4073054408930085
267250 KS,DVN UN,1573,1573,0.24421813583547564,0.028123943979872022,0.1127971066589972,15.04975940479238,0.4549513230489156
267250 KS,EOG UN,1573,1573,0.23936502896604198,0.024154428044278087,0.41209561431186637,9.085210474127212,0.2903019069554524
267250 KS,EQT UN,1573,1573,0.154679501975272,0.03073074334739972,0.28022271544631483,7.0721411062199255,0.3276968075954001
267250 KS,EVA UN,1573,1573,0.15362511006004162,0.02100740585238208,-0.42915310063429335,24.017380256810345,0.9332094879332706
267250 KS,FANG UW,1573,1573,0.23462956421647527,0.027238098432789775,0.3812440753783257,10.277548467180495,0.32831816939376274
267250 KS,HAL UN,1573,1573,0.26160069782308826,0.025210590104900663,0.722148946865901,2.712384297712258,0.258785177281473
267250 KS,HES UN,1573,1573,0.2348888122503367,0.025489452206250686,-0.2458591986813915,34.60854741123289,0.93220717806711
267250 KS,KMI UN,1573,1573,0.2190149338620731,0.019287275347490845,0.4446905921448133,2.490028369318128,0.14759582529510085
267250 KS,LNG UA,1573,1573,0.14066319795029258,0.022542160441517262,-0.28702542555756805,47.62751475213996,1.2646493371324736
267250 KS,MPC UN,1573,1573,0.19339017634355135,0.02351949096304124,0.10821220173899071,23.777626517010265,0.6540170605721994
267250 KS,MRO UN,1573,1573,0.2547065858207828,0.02771191276362258,0.17383637333334048,17.982613531771882,0.5192222062286019
267250 KS,NFE UW,1126,1126,0.19989758141226255,0.033100230754285996,-0.08258109383465306,56.09746290441145,1.7706921519555376
267250 KS,NOV UN,1573,1573,0.22290504888415852,0.026641601175443858,0.800228798690841,3.518626661579276,0.25194239275212016
267250 KS,OKE UN,1573,1573,0.23778928569635002,0.021084788349347103,0.3973401817999249,9.429869497097375,0.36901993074554224
267250 KS,OVV UN,1573,1573,0.22075311443084825,0.031804473350637866,0.6320733472443784,4.470698287857925,0.310790815854589
267250 KS,OXY UN,1573,1573,0.24027134689699595,0.026280470872488693,0.641181979565189,5.196683660827544,0.2786738260379622
267250 KS,PDCE UW,1573,1573,0.2382030620814241,0.03051362169585524,0.27815773834882557,8.265396084079292,0.3303977844402275
267250 KS,PSX UN,1573,1573,0.21864154135289035,0.02202448828841712,0.5459140695454797,8.13472901286778,0.3286771269579513
267250 KS,PXD UN,1573,1573,0.22348266826650898,0.023660815442332263,0.11702516117728262,10.144415482450922,0.3225034896066699
267250 KS,RRC UN,1573,1573,0.17232693288876103,0.03538713050720966,0.1054473499470022,6.734838891467776,0.4201186944361152
267250 KS,SLB UN,1573,1573,0.25415663358263496,0.024044716960909155,0.8014309206673972,3.2679325618947086,0.2910383131479614
267250 KS,SWN UN,1573,1573,0.15315545692499238,0.03512471113881729,0.2725245873307234,3.28400347664544,0.3172271056295149
267250 KS,TPL UN,1573,1573,0.19270935112377766,0.025829090824424437,-0.2931428339028841,118.05850752955772,3.0569163872276235
267250 KS,TRGP UN,1573,1573,0.22210691242885708,0.024300836295669117,0.20434510075850137,11.232363801069708,0.3419965078244112
267250 KS,VLO UN,1573,1573,0.18434098810201174,0.024094117254979223,0.21200769537187136,19.67740461968761,0.5895052321856493
267250 KS,VTS UN,101,101,0.0,0.03117179838313349,-0.4210864500983599,0.9969669560956289,0.12833423802733268
267250 KS,WMB UN,1573,1573,0.24239216127789398,0.019265252586284445,0.3710008904446326,4.28724556062117,0.1744296943172292
267250 KS,XOM UN,1573,1573,0.26986180810537647,0.019569820579090826,0.3588032560683271,8.146773859786064,0.2430837477582311
267250 KS,ACDC UW,273,273,0.37881613235662664,0.033523959042206446,0.509153733190888,3.0692961555131224,0.22084050568721392
267250 KS,ALTO UR,1573,1573,0.1291505158522676,0.04388116813717061,0.0,8.703453163660768,0.4915240898901095
267250 KS,AMPY UN,1573,1573,0.19405123645890168,0.03815542230623616,0.8155195587731437,9.494602479994274,0.46096639734655276
267250 KS,AMTX UQ,1573,1573,0.09649081953307753,0.05246382138310312,-0.27485988710947107,163.71662549873605,4.372945201001505
267250 KS,ARCH UN,1573,1573,0.1439890959805784,0.028275624105941848,0.0940706482816984,22.30239417639457,0.6195446548940952
267250 KS,AROC UN,1573,1573,0.21389088693619215,0.02613912377949604,0.6914476073916183,1.6869133918103814,0.13177565310857442
267250 KS,ASC UN,1573,1573,0.16112480813123545,0.031013842336973022,0.2000138063207833,14.445662029077265,0.4086470154353952
267250 KS,BATL UA,852,852,0.1762195044445768,0.03968001193516371,0.3619511034376749,5.084680242751051,0.3317480655064197
267250 KS,BOOM UW,1573,1573,0.17922767387661692,0.0310870598364677,-0.12437713893117838,73.05243105061707,2.161935944571112
267250 KS,BORR UN,996,996,0.2558339284408073,0.050804617048135305,0.4551698760557002,17.721460697126535,0.7106131119746161
267250 KS,BRY UW,1258,1258,0.25927458373181883,0.03230275811815616,0.6965271837824522,5.724545322740139,0.3586483584217231
267250 KS,BTU UN,1573,1573,0.11139574184995046,0.0407227149213197,0.688322999801424,8.094000910890355,0.41308061694676834
267250 KS,CEIX UN,1438,1438,0.16968637622002664,0.036405530337620055,0.2519347396348958,28.377500491788982,0.831382136621166
267250 KS,CHRD UW,656,656,0.28190552600202956,0.025231035116679054,0.0,68.6329540858667,2.7516811655605684
267250 KS,CHX UW,627,627,0.3106913503641218,0.026529807596392844,0.37075508222638937,8.874849226620668,0.43767659258621655
267250 KS,CIVI UN,1573,1573,0.24185067325574244,0.02974581336182424,-0.11266358054213976,16.95185237053626,0.502007897262113
267250 KS,CLNE UW,1573,1573,0.151231771286307,0.03515866068955349,-0.30671427525694267,55.092702509687754,1.497322210238384
267250 KS,CNX UN,1573,1573,0.15586849745371567,0.02802202939905201,0.12505095542623762,9.516975799944655,0.3187884495463374
267250 KS,CPE UN,1573,1573,0.21186836355843883,0.03927899807485881,0.8551791793419379,10.765262187842437,0.4020623932871646
267250 KS,CRC UN,673,673,0.235117494268321,0.02620145108810058,0.0,35.520100605061664,1.4719337914655668
267250 KS,CRGY UN,385,385,0.2690756111694946,0.029698492031202815,0.0,3.6005198985922986,0.22521406608956387
267250 KS,CRK UN,1573,1573,0.15970988483411488,0.03733313190422256,-0.08076850427502769,17.035929337830446,0.5094727979737189
267250 KS,CVI UN,1573,1573,0.13183814070765476,0.031245276717448648,0.3252284866992904,19.75622786920875,0.674602395907771
267250 KS,DEN UN,700,700,0.22507632959210705,0.02658955655235468,0.4148764744990643,58.0438209202362,2.273549625697501
267250 KS,DHT UN,1573,1573,0.11467702776740421,0.02681446046511965,-0.4628219675307259,21.74959980557918,0.641275029498367
267250 KS,DK UN,1573,1573,0.15721490414090253,0.030887454280805218,0.5988724753129038,9.914002668198211,0.42963886001626883
267250 KS,DO UN,305,305,0.2939027848614739,0.033005687505070186,0.3085876063748525,5.5647452787708795,0.3343434375358033
267250 KS,DRQ UN,1573,1573,0.21896103369758216,0.02730520464050616,0.6382904393744686,3.9229805390225048,0.20674316039052199
267250 KS,EE UN,295,295,0.2952696030128351,0.029317829657046456,0.6258435198295169,2.30998743336382,0.17380559692519132
267250 KS,EGY UN,1573,1573,0.20238279797108238,0.03502671419388097,-0.3394287693247162,90.69347049970048,2.3733519329251207
267250 KS,EP UA,321,321,0.15027809571706482,0.03470146370696309,0.0,5.1011466264562095,0.33987488425270895
267250 KS,ESTE UN,1572,1572,0.20205272195048293,0.03800430526736919,0.19732593805426632,5.231197681059544,0.3796266994251085
267250 KS,ETRN UN,1189,1189,0.2082851838880566,0.026419347306714604,0.5784545579445454,9.32357278640086,0.3398174512391893
267250 KS,FLNG UN,1028,1028,0.14640639992312715,0.032170916608361945,0.2085461800737588,33.72291424253342,1.100999355849454
267250 KS,FRO UN,1573,1573,0.13395044066033518,0.03011424439524077,-0.39135704210323957,23.924357944938496,0.6989825544480771
267250 KS,GEVO UR,1573,1573,0.13064832689266068,0.04644907959552891,0.6247863400559919,14.761459884693675,0.6101271339777364
267250 KS,GLNG UW,1573,1573,0.15336248780220585,0.029788197152065925,0.6237373978333859,2.6492021897304054,0.25707718492007253
267250 KS,GPOR UN,531,531,0.2680378901139164,0.025128439950341946,-0.18889022622528992,5.970111353443079,0.39407938751342536
267250 KS,GPRE UW,1573,1573,0.1739023099725716,0.031231630217429886,-0.07985621038142807,10.97309733129749,0.40331231739091794
267250 KS,HLX UN,1573,1573,0.22615489752475845,0.03337480651369327,0.5851002828616788,6.959704144748492,0.3151305564350503
267250 KS,HP UN,1573,1573,0.23201707759718176,0.027907989949834774,0.766236556097952,2.6435302617736567,0.21321938842383129
267250 KS,HPK UQ,1300,1300,0.13249863766442824,0.03084036152602297,-0.15903404439912222,31.65383341159738,0.974067763778226
267250 KS,INSW UN,1573,1573,0.13615120515966256,0.02855133665461215,-0.09423137964930123,16.071256406961975,0.45017808681953825
267250 KS,INT UN,1573,1573,0.19424417117502757,0.024388329721042684,0.23982237578364812,2.4405108523757515,0.20248649280758146
267250 KS,KNTK UN,1308,1308,0.0,2.7995969989158134,0.7422530381561052,9.09291708554261,0.3755628487181815
267250 KS,KOS UN,1573,1573,0.1844657213388393,0.0386110580554344,0.595473472629336,4.78705782999606,0.27166865401278456
267250 KS,LBRT UN,1396,1396,0.2557970961281474,0.03346376495957393,0.7437332187458106,2.232215961204879,0.1766319249856676
267250 KS,LEU UA,1573,1573,0.09716888829438257,0.0421855126202831,-0.4344885942883603,184.36646821854737,4.698626665680819
267250 KS,LPG UN,1573,1573,0.12920787663882863,0.027909483164134483,-0.3645568289684948,25.454641138310055,0.7067585563461032
267250 KS,MGY UN,1536,1536,0.2330675894218578,0.026613151957560897,-0.10559477137571079,31.034224441511775,0.8449437178136163
267250 KS,MTDR UN,1573,1573,0.2062509216869424,0.03289583234660885,0.0,29.064212544343746,0.7823506118013185
267250 KS,MUR UN,1573,1573,0.23064564289379352,0.02992009968517611,0.28023868674032737,11.902407521439427,0.3575431762575668
267250 KS,NAT UN,1573,1573,0.11572119189498561,0.03446350336964805,0.085621557649948,6.673196693903208,0.4640626658470443
267250 KS,NBR UN,1573,1573,0.20918445208259512,0.04191672296911827,0.8256617079438883,13.748565236621182,0.5271761553225076
267250 KS,NC UN,1573,1573,0.13255436244506044,0.02776562858687648,0.06968575316220313,50.54988862233671,1.4412813424334268
267250 KS,NE UN,515,515,0.26663347560349576,0.02505501109546662,0.0,10.554708259297154,0.510047470189252
267250 KS,NEX UN,1573,1573,0.22721655569761717,0.03627386874312007,0.7877927775218642,4.543051609661403,0.325596553894773
267250 KS,NEXT UR,1573,1573,0.09656358079748752,0.040008871817922044,0.675373966504376,5.417712551724624,0.38429962225740344
267250 KS,NOG UN,1326,1326,0.2206762306472102,0.03645134930316899,0.5055475137745284,24.6057915148711,0.7554341928967592
267250 KS,NR UN,1573,1573,0.2011380336471444,0.033135498688430104,0.8170920373429144,5.99078440736947,0.29782427291054886
267250 KS,OII UN,1573,1573,0.24247379227719618,0.03295552920470033,0.7923544750958468,4.547494909090255,0.30560573845459005
267250 KS,OIS UN,1573,1573,0.24523060775835592,0.034197641676533524,0.8176304150902408,13.449912933942125,0.4399418880264778
267250 KS,PARR UN,1370,1370,0.18883472644880137,0.028024489489351115,0.4627342337168946,9.125336383752963,0.31535303570010786
267250 KS,PBF UN,1573,1573,0.17846505296099024,0.03554107784517116,0.4713242186376144,18.43571907249076,0.5916471876141911
267250 KS,PR UN,1324,1324,0.2471384592391463,0.04087417940406465,0.6981333013434834,6.383334116176182,0.3896484982492817
267250 KS,PTEN UW,1573,1573,0.21100102545616434,0.033970642848124795,0.7365185622590058,4.59431579145496,0.3228997744806278
267250 KS,PUMP UN,1573,1573,0.22901475108740138,0.033932604159780236,0.6520212106475536,6.1824208023018254,0.32196896329574975
267250 KS,REI UA,1573,1573,0.18702266810044688,0.039502265111102476,0.8242417261128572,14.503077498168816,0.503289377573076
267250 KS,REPX UA,1573,1573,0.11901156686396122,0.04523469616444751,-0.2792303146038288,80.01745063603964,2.0703744265933146
267250 KS,RES UN,1573,1573,0.19761243067567305,0.033580157229794357,0.8094480437526143,7.321469157790688,0.39464182041015883
267250 KS,REX UN,1573,1573,0.15184962904619825,0.026095318452281732,0.17442349461549805,2.636821904290953,0.18468123548151144
267250 KS,ROCC UW,1573,1573,0.21552909648237545,0.036962665022130116,0.565545836553351,7.620695326879852,0.36431830070982385
267250 KS,SBOW UN,1573,1573,0.1857191632053265,0.03633748073221096,0.4377183051063984,6.722426900098038,0.3591277572794912
267250 KS,SD UN,1573,1573,0.19342275949410326,0.03447088658431405,0.48082220611807774,6.075176355488165,0.394093519911802
267250 KS,SFL UN,1573,1573,0.20586729073457355,0.020536297048777297,0.7082648112013987,1.8085593669308584,0.14530920203153355
267250 KS,SLCA UN,1573,1573,0.2086829655572851,0.03769642131763928,0.7831603101464945,11.040246782919759,0.4879851458040037
267250 KS,SM UN,1573,1573,0.23991933484184313,0.03950238036191636,0.12197202219549799,18.072115316743986,0.5668402402379027
267250 KS,SOI UN,1570,1570,0.19992661122946725,0.03001998097421179,0.7448439046151909,3.658498830848274,0.23343810150344904
267250 KS,STNG UN,1573,1573,0.14522601833473903,0.033077648791213145,0.2253910503635294,7.217679076208752,0.3666268479192795
267250 KS,STR UN,1304,1304,0.0,3.497698150623254,0.747798953582664,2.5891097602028696,0.21319343818767764
267250 KS,TALO UN,1573,1573,0.21312055061486546,0.03571291148873954,0.7697895037942171,6.334189649751888,0.30806853281783364
267250 KS,TDW UN,1513,1513,0.19832131907064998,0.0311985678206318,0.4589416473037656,11.410242813332234,0.34912784885090903
267250 KS,TELL UA,1519,1519,0.16324828784799328,0.04389624404857759,0.8039379721090313,8.289411316439775,0.32629492164366475
267250 KS,TK UN,1573,1573,0.16442024411752532,0.03161638725845629,0.8138870793099312,2.77953696827155,0.2826690245773068
267250 KS,TNK UN,1573,1573,0.13658224049224793,0.0325623414903544,-0.2838640681103127,20.671199328638835,0.5999466971231132
267250 KS,TTI UN,1573,1573,0.19313561259624018,0.03826858261650971,0.45191024027286764,5.660043514397086,0.321598681237673
267250 KS,UEC UA,1573,1573,0.15004426939631282,0.038703278233287695,-0.2117669974306142,42.561883356935546,1.116181997467514
267250 KS,URG UA,1573,1573,0.14729310819963198,0.036268662953348935,-0.17764906831259003,38.91510233792925,1.0561179948486978
267250 KS,UUUU UA,1573,1573,0.17773535585519798,0.03790297073964743,-0.3059917384881695,81.46036302472336,2.117197617274482
267250 KS,VAL UN,542,542,0.30351694729675427,0.027313623446097952,-0.3416446477873107,33.47476775403843,1.4856412919481414
267250 KS,VTLE UN,1573,1573,0.22255967102102442,0.039562165333248814,0.8261798937326135,13.023932319324038,0.515471398509575
267250 KS,VTNR UR,1573,1573,0.1286747556581201,0.04594240016993581,-0.23230455734898056,172.5347332573626,4.385324501701639
267250 KS,VTOL UN,1573,1573,0.17163187929513335,0.02804171811550891,0.49042687629455983,2.048874124498772,0.1708978440258741
267250 KS,WFRD UW,520,520,0.26466047960619815,0.031043324377914332,-0.22470745835786093,44.86176752211662,2.005373214635481
267250 KS,WHD UN,1378,1378,0.24545901778788126,0.027773542073669305,0.12090810404698728,36.62412867419226,1.0750642761392715
267250 KS,WTI UN,1573,1573,0.22737149498041548,0.0384783656557891,0.22737780540431118,51.906209432717375,1.4630335969198738
267250 KS,WTTR UN,1573,1573,0.20660232155226826,0.03291701550962855,0.8195896242200469,5.073336351160245,0.2821241712187702
267250 KS,XPRO UN,1573,1573,0.18205711510733708,0.034653459715360456,0.8007907223713302,9.469226810494394,0.353464364875069
